"LOCATION","Country","SUBJECT","Subject","MEASURE","Measure","FREQUENCY","Frequency","TIME","Time","Unit Code","Unit","PowerCode Code","PowerCode","Reference Period Code","Reference Period","Value","Flag Codes","Flags"
"AUS","Australia","LRUN25FE","Unemployment rate, Aged 25-54, Females","STSA","Level, rate or quantity series, s.a.","A","Annual","1980","1980","PC","Percentage","0","Units",,,5.051136,,
"AUS","Australia","LRUN25FE","Unemployment rate, Aged 25-54, Females","STSA","Level, rate or quantity series, s.a.","A","Annual","1981","1981","PC","Percentage","0","Units",,,5.003339,,
"AUS","Australia","LRUN25FE","Unemployment rate, Aged 25-54, Females","STSA","Level, rate or quantity series, s.a.","A","Annual","1982","1982","PC","Percentage","0","Units",,,5.917645,,
"AUS","Australia","LRUN25FE","Unemployment rate, Aged 25-54, Females","STSA","Level, rate or quantity series, s.a.","A","Annual","1983","1983","PC","Percentage","0","Units",,,7.629954,,
"AUS","Australia","LRUN25FE","Unemployment rate, Aged 25-54, Females","STSA","Level, rate or quantity series, s.a.","A","Annual","1984","1984","PC","Percentage","0","Units",,,6.873736,,
"AUS","Australia","LRUN25FE","Unemployment rate, Aged 25-54, Females","STSA","Level, rate or quantity series, s.a.","A","Annual","1985","1985","PC","Percentage","0","Units",,,6.40818,,
"AUS","Australia","LRUN25FE","Unemployment rate, Aged 25-54, Females","STSA","Level, rate or quantity series, s.a.","A","Annual","1986","1986","PC","Percentage","0","Units",,,6.409576,,
"AUS","Australia","LRUN25FE","Unemployment rate, Aged 25-54, Females","STSA","Level, rate or quantity series, s.a.","A","Annual","1987","1987","PC","Percentage","0","Units",,,6.415623,,
"AUS","Australia","LRUN25FE","Unemployment rate, Aged 25-54, Females","STSA","Level, rate or quantity series, s.a.","A","Annual","1988","1988","PC","Percentage","0","Units",,,6.010761,,
"AUS","Australia","LRUN25FE","Unemployment rate, Aged 25-54, Females","STSA","Level, rate or quantity series, s.a.","A","Annual","1989","1989","PC","Percentage","0","Units",,,5.205777,,
"AUS","Australia","LRUN25FE","Unemployment rate, Aged 25-54, Females","STSA","Level, rate or quantity series, s.a.","A","Annual","1990","1990","PC","Percentage","0","Units",,,5.386888,,
"AUS","Australia","LRUN25FE","Unemployment rate, Aged 25-54, Females","STSA","Level, rate or quantity series, s.a.","A","Annual","1991","1991","PC","Percentage","0","Units",,,6.998227,,
"AUS","Australia","LRUN25FE","Unemployment rate, Aged 25-54, Females","STSA","Level, rate or quantity series, s.a.","A","Annual","1992","1992","PC","Percentage","0","Units",,,7.692824,,
"AUS","Australia","LRUN25FE","Unemployment rate, Aged 25-54, Females","STSA","Level, rate or quantity series, s.a.","A","Annual","1993","1993","PC","Percentage","0","Units",,,7.962286,,
"AUS","Australia","LRUN25FE","Unemployment rate, Aged 25-54, Females","STSA","Level, rate or quantity series, s.a.","A","Annual","1994","1994","PC","Percentage","0","Units",,,7.329403,,
"AUS","Australia","LRUN25FE","Unemployment rate, Aged 25-54, Females","STSA","Level, rate or quantity series, s.a.","A","Annual","1995","1995","PC","Percentage","0","Units",,,6.216079,,
"AUS","Australia","LRUN25FE","Unemployment rate, Aged 25-54, Females","STSA","Level, rate or quantity series, s.a.","A","Annual","1996","1996","PC","Percentage","0","Units",,,6.443044,,
"AUS","Australia","LRUN25FE","Unemployment rate, Aged 25-54, Females","STSA","Level, rate or quantity series, s.a.","A","Annual","1997","1997","PC","Percentage","0","Units",,,6.436615,,
"AUS","Australia","LRUN25FE","Unemployment rate, Aged 25-54, Females","STSA","Level, rate or quantity series, s.a.","A","Annual","1998","1998","PC","Percentage","0","Units",,,5.798075,,
"AUS","Australia","LRUN25FE","Unemployment rate, Aged 25-54, Females","STSA","Level, rate or quantity series, s.a.","A","Annual","1999","1999","PC","Percentage","0","Units",,,5.309353,,
"AUS","Australia","LRUN25FE","Unemployment rate, Aged 25-54, Females","STSA","Level, rate or quantity series, s.a.","A","Annual","2000","2000","PC","Percentage","0","Units",,,4.918147,,
"AUS","Australia","LRUN25FE","Unemployment rate, Aged 25-54, Females","STSA","Level, rate or quantity series, s.a.","A","Annual","2001","2001","PC","Percentage","0","Units",,,5.17415,,
"AUS","Australia","LRUN25FE","Unemployment rate, Aged 25-54, Females","STSA","Level, rate or quantity series, s.a.","A","Annual","2002","2002","PC","Percentage","0","Units",,,5.008964,,
"AUS","Australia","LRUN25FE","Unemployment rate, Aged 25-54, Females","STSA","Level, rate or quantity series, s.a.","A","Annual","2003","2003","PC","Percentage","0","Units",,,4.872567,,
"AUS","Australia","LRUN25FE","Unemployment rate, Aged 25-54, Females","STSA","Level, rate or quantity series, s.a.","A","Annual","2004","2004","PC","Percentage","0","Units",,,4.365366,,
"AUS","Australia","LRUN25FE","Unemployment rate, Aged 25-54, Females","STSA","Level, rate or quantity series, s.a.","A","Annual","2005","2005","PC","Percentage","0","Units",,,4.116204,,
"AUS","Australia","LRUN25FE","Unemployment rate, Aged 25-54, Females","STSA","Level, rate or quantity series, s.a.","A","Annual","2006","2006","PC","Percentage","0","Units",,,3.991931,,
"AUS","Australia","LRUN25FE","Unemployment rate, Aged 25-54, Females","STSA","Level, rate or quantity series, s.a.","A","Annual","2007","2007","PC","Percentage","0","Units",,,3.907727,,
"AUS","Australia","LRUN25FE","Unemployment rate, Aged 25-54, Females","STSA","Level, rate or quantity series, s.a.","A","Annual","2008","2008","PC","Percentage","0","Units",,,3.912022,,
"AUS","Australia","LRUN25FE","Unemployment rate, Aged 25-54, Females","STSA","Level, rate or quantity series, s.a.","A","Annual","2009","2009","PC","Percentage","0","Units",,,4.56357,,
"AUS","Australia","LRUN25FE","Unemployment rate, Aged 25-54, Females","STSA","Level, rate or quantity series, s.a.","A","Annual","2010","2010","PC","Percentage","0","Units",,,4.397488,,
"AUS","Australia","LRUN25FE","Unemployment rate, Aged 25-54, Females","STSA","Level, rate or quantity series, s.a.","A","Annual","2011","2011","PC","Percentage","0","Units",,,4.369528,,
"AUS","Australia","LRUN25FE","Unemployment rate, Aged 25-54, Females","STSA","Level, rate or quantity series, s.a.","A","Annual","2012","2012","PC","Percentage","0","Units",,,4.35694,,
"AUS","Australia","LRUN25FE","Unemployment rate, Aged 25-54, Females","STSA","Level, rate or quantity series, s.a.","A","Annual","2013","2013","PC","Percentage","0","Units",,,4.697847,,
"AUS","Australia","LRUN25FE","Unemployment rate, Aged 25-54, Females","STSA","Level, rate or quantity series, s.a.","A","Annual","2014","2014","PC","Percentage","0","Units",,,5.133663,,
"AUS","Australia","LRUN25FE","Unemployment rate, Aged 25-54, Females","STSA","Level, rate or quantity series, s.a.","A","Annual","2015","2015","PC","Percentage","0","Units",,,5.229157,,
"AUS","Australia","LRUN25FE","Unemployment rate, Aged 25-54, Females","STSA","Level, rate or quantity series, s.a.","A","Annual","2016","2016","PC","Percentage","0","Units",,,4.968985,,
"AUS","Australia","LRUN25FE","Unemployment rate, Aged 25-54, Females","STSA","Level, rate or quantity series, s.a.","A","Annual","2017","2017","PC","Percentage","0","Units",,,4.807163,,
"AUS","Australia","LRUN25FE","Unemployment rate, Aged 25-54, Females","STSA","Level, rate or quantity series, s.a.","A","Annual","2018","2018","PC","Percentage","0","Units",,,4.451414,,
"AUS","Australia","LRUN25FE","Unemployment rate, Aged 25-54, Females","STSA","Level, rate or quantity series, s.a.","A","Annual","2019","2019","PC","Percentage","0","Units",,,4.199753,,
"AUS","Australia","LRUN25FE","Unemployment rate, Aged 25-54, Females","STSA","Level, rate or quantity series, s.a.","A","Annual","2020","2020","PC","Percentage","0","Units",,,5.257994,,
"AUS","Australia","LRUN25FE","Unemployment rate, Aged 25-54, Females","STSA","Level, rate or quantity series, s.a.","A","Annual","2021","2021","PC","Percentage","0","Units",,,4.234444,,
"AUT","Austria","LRUN25FE","Unemployment rate, Aged 25-54, Females","STSA","Level, rate or quantity series, s.a.","A","Annual","1999","1999","PC","Percentage","0","Units",,,3.625,,
"AUT","Austria","LRUN25FE","Unemployment rate, Aged 25-54, Females","STSA","Level, rate or quantity series, s.a.","A","Annual","2000","2000","PC","Percentage","0","Units",,,3.575,,
"AUT","Austria","LRUN25FE","Unemployment rate, Aged 25-54, Females","STSA","Level, rate or quantity series, s.a.","A","Annual","2001","2001","PC","Percentage","0","Units",,,3.5,,
"AUT","Austria","LRUN25FE","Unemployment rate, Aged 25-54, Females","STSA","Level, rate or quantity series, s.a.","A","Annual","2002","2002","PC","Percentage","0","Units",,,3.575,,
"AUT","Austria","LRUN25FE","Unemployment rate, Aged 25-54, Females","STSA","Level, rate or quantity series, s.a.","A","Annual","2003","2003","PC","Percentage","0","Units",,,3.875,"B","Break"
"AUT","Austria","LRUN25FE","Unemployment rate, Aged 25-54, Females","STSA","Level, rate or quantity series, s.a.","A","Annual","2004","2004","PC","Percentage","0","Units",,,5.225,"B","Break"
"AUT","Austria","LRUN25FE","Unemployment rate, Aged 25-54, Females","STSA","Level, rate or quantity series, s.a.","A","Annual","2005","2005","PC","Percentage","0","Units",,,5.275,,
"AUT","Austria","LRUN25FE","Unemployment rate, Aged 25-54, Females","STSA","Level, rate or quantity series, s.a.","A","Annual","2006","2006","PC","Percentage","0","Units",,,5.15,"B","Break"
"AUT","Austria","LRUN25FE","Unemployment rate, Aged 25-54, Females","STSA","Level, rate or quantity series, s.a.","A","Annual","2007","2007","PC","Percentage","0","Units",,,4.7,,
"AUT","Austria","LRUN25FE","Unemployment rate, Aged 25-54, Females","STSA","Level, rate or quantity series, s.a.","A","Annual","2008","2008","PC","Percentage","0","Units",,,3.85,,
"AUT","Austria","LRUN25FE","Unemployment rate, Aged 25-54, Females","STSA","Level, rate or quantity series, s.a.","A","Annual","2009","2009","PC","Percentage","0","Units",,,4.726008,,
"AUT","Austria","LRUN25FE","Unemployment rate, Aged 25-54, Females","STSA","Level, rate or quantity series, s.a.","A","Annual","2010","2010","PC","Percentage","0","Units",,,4.33947,,
"AUT","Austria","LRUN25FE","Unemployment rate, Aged 25-54, Females","STSA","Level, rate or quantity series, s.a.","A","Annual","2011","2011","PC","Percentage","0","Units",,,4.309083,,
"AUT","Austria","LRUN25FE","Unemployment rate, Aged 25-54, Females","STSA","Level, rate or quantity series, s.a.","A","Annual","2012","2012","PC","Percentage","0","Units",,,4.513776,,
"AUT","Austria","LRUN25FE","Unemployment rate, Aged 25-54, Females","STSA","Level, rate or quantity series, s.a.","A","Annual","2013","2013","PC","Percentage","0","Units",,,5.040119,,
"AUT","Austria","LRUN25FE","Unemployment rate, Aged 25-54, Females","STSA","Level, rate or quantity series, s.a.","A","Annual","2014","2014","PC","Percentage","0","Units",,,5.230105,,
"AUT","Austria","LRUN25FE","Unemployment rate, Aged 25-54, Females","STSA","Level, rate or quantity series, s.a.","A","Annual","2015","2015","PC","Percentage","0","Units",,,5.095361,,
"AUT","Austria","LRUN25FE","Unemployment rate, Aged 25-54, Females","STSA","Level, rate or quantity series, s.a.","A","Annual","2016","2016","PC","Percentage","0","Units",,,5.355235,,
"AUT","Austria","LRUN25FE","Unemployment rate, Aged 25-54, Females","STSA","Level, rate or quantity series, s.a.","A","Annual","2017","2017","PC","Percentage","0","Units",,,4.967323,,
"AUT","Austria","LRUN25FE","Unemployment rate, Aged 25-54, Females","STSA","Level, rate or quantity series, s.a.","A","Annual","2018","2018","PC","Percentage","0","Units",,,4.341704,,
"AUT","Austria","LRUN25FE","Unemployment rate, Aged 25-54, Females","STSA","Level, rate or quantity series, s.a.","A","Annual","2019","2019","PC","Percentage","0","Units",,,4.361765,,
"AUT","Austria","LRUN25FE","Unemployment rate, Aged 25-54, Females","STSA","Level, rate or quantity series, s.a.","A","Annual","2020","2020","PC","Percentage","0","Units",,,5.609369,,
"AUT","Austria","LRUN25FE","Unemployment rate, Aged 25-54, Females","STSA","Level, rate or quantity series, s.a.","A","Annual","2021","2021","PC","Percentage","0","Units",,,5.75,,
"BEL","Belgium","LRUN25FE","Unemployment rate, Aged 25-54, Females","STSA","Level, rate or quantity series, s.a.","A","Annual","1999","1999","PC","Percentage","0","Units",,,9,,
"BEL","Belgium","LRUN25FE","Unemployment rate, Aged 25-54, Females","STSA","Level, rate or quantity series, s.a.","A","Annual","2000","2000","PC","Percentage","0","Units",,,7.6,"B","Break"
"BEL","Belgium","LRUN25FE","Unemployment rate, Aged 25-54, Females","STSA","Level, rate or quantity series, s.a.","A","Annual","2001","2001","PC","Percentage","0","Units",,,6.5,,
"BEL","Belgium","LRUN25FE","Unemployment rate, Aged 25-54, Females","STSA","Level, rate or quantity series, s.a.","A","Annual","2002","2002","PC","Percentage","0","Units",,,7.75,,
"BEL","Belgium","LRUN25FE","Unemployment rate, Aged 25-54, Females","STSA","Level, rate or quantity series, s.a.","A","Annual","2003","2003","PC","Percentage","0","Units",,,7.775,,
"BEL","Belgium","LRUN25FE","Unemployment rate, Aged 25-54, Females","STSA","Level, rate or quantity series, s.a.","A","Annual","2004","2004","PC","Percentage","0","Units",,,8.35,"B","Break"
"BEL","Belgium","LRUN25FE","Unemployment rate, Aged 25-54, Females","STSA","Level, rate or quantity series, s.a.","A","Annual","2005","2005","PC","Percentage","0","Units",,,8.4,,
"BEL","Belgium","LRUN25FE","Unemployment rate, Aged 25-54, Females","STSA","Level, rate or quantity series, s.a.","A","Annual","2006","2006","PC","Percentage","0","Units",,,8.125,,
"BEL","Belgium","LRUN25FE","Unemployment rate, Aged 25-54, Females","STSA","Level, rate or quantity series, s.a.","A","Annual","2007","2007","PC","Percentage","0","Units",,,7.375,,
"BEL","Belgium","LRUN25FE","Unemployment rate, Aged 25-54, Females","STSA","Level, rate or quantity series, s.a.","A","Annual","2008","2008","PC","Percentage","0","Units",,,6.6,"B","Break"
"BEL","Belgium","LRUN25FE","Unemployment rate, Aged 25-54, Females","STSA","Level, rate or quantity series, s.a.","A","Annual","2009","2009","PC","Percentage","0","Units",,,6.945811,,
"BEL","Belgium","LRUN25FE","Unemployment rate, Aged 25-54, Females","STSA","Level, rate or quantity series, s.a.","A","Annual","2010","2010","PC","Percentage","0","Units",,,7.531025,,
"BEL","Belgium","LRUN25FE","Unemployment rate, Aged 25-54, Females","STSA","Level, rate or quantity series, s.a.","A","Annual","2011","2011","PC","Percentage","0","Units",,,6.368289,,
"BEL","Belgium","LRUN25FE","Unemployment rate, Aged 25-54, Females","STSA","Level, rate or quantity series, s.a.","A","Annual","2012","2012","PC","Percentage","0","Units",,,6.670835,,
"BEL","Belgium","LRUN25FE","Unemployment rate, Aged 25-54, Females","STSA","Level, rate or quantity series, s.a.","A","Annual","2013","2013","PC","Percentage","0","Units",,,7.243673,,
"BEL","Belgium","LRUN25FE","Unemployment rate, Aged 25-54, Females","STSA","Level, rate or quantity series, s.a.","A","Annual","2014","2014","PC","Percentage","0","Units",,,7.073999,,
"BEL","Belgium","LRUN25FE","Unemployment rate, Aged 25-54, Females","STSA","Level, rate or quantity series, s.a.","A","Annual","2015","2015","PC","Percentage","0","Units",,,7.271913,,
"BEL","Belgium","LRUN25FE","Unemployment rate, Aged 25-54, Females","STSA","Level, rate or quantity series, s.a.","A","Annual","2016","2016","PC","Percentage","0","Units",,,6.943729,"B","Break"
"BEL","Belgium","LRUN25FE","Unemployment rate, Aged 25-54, Females","STSA","Level, rate or quantity series, s.a.","A","Annual","2017","2017","PC","Percentage","0","Units",,,6.297748,,
"BEL","Belgium","LRUN25FE","Unemployment rate, Aged 25-54, Females","STSA","Level, rate or quantity series, s.a.","A","Annual","2018","2018","PC","Percentage","0","Units",,,5.053342,,
"BEL","Belgium","LRUN25FE","Unemployment rate, Aged 25-54, Females","STSA","Level, rate or quantity series, s.a.","A","Annual","2019","2019","PC","Percentage","0","Units",,,4.471954,,
"BEL","Belgium","LRUN25FE","Unemployment rate, Aged 25-54, Females","STSA","Level, rate or quantity series, s.a.","A","Annual","2020","2020","PC","Percentage","0","Units",,,4.975027,,
"BEL","Belgium","LRUN25FE","Unemployment rate, Aged 25-54, Females","STSA","Level, rate or quantity series, s.a.","A","Annual","2021","2021","PC","Percentage","0","Units",,,5.25,,
"CAN","Canada","LRUN25FE","Unemployment rate, Aged 25-54, Females","STSA","Level, rate or quantity series, s.a.","A","Annual","1980","1980","PC","Percentage","0","Units",,,6.808333,,
"CAN","Canada","LRUN25FE","Unemployment rate, Aged 25-54, Females","STSA","Level, rate or quantity series, s.a.","A","Annual","1981","1981","PC","Percentage","0","Units",,,7.091667,,
"CAN","Canada","LRUN25FE","Unemployment rate, Aged 25-54, Females","STSA","Level, rate or quantity series, s.a.","A","Annual","1982","1982","PC","Percentage","0","Units",,,9.133333,,
"CAN","Canada","LRUN25FE","Unemployment rate, Aged 25-54, Females","STSA","Level, rate or quantity series, s.a.","A","Annual","1983","1983","PC","Percentage","0","Units",,,9.966666,,
"CAN","Canada","LRUN25FE","Unemployment rate, Aged 25-54, Females","STSA","Level, rate or quantity series, s.a.","A","Annual","1984","1984","PC","Percentage","0","Units",,,10.16667,,
"CAN","Canada","LRUN25FE","Unemployment rate, Aged 25-54, Females","STSA","Level, rate or quantity series, s.a.","A","Annual","1985","1985","PC","Percentage","0","Units",,,9.658334,,
"CAN","Canada","LRUN25FE","Unemployment rate, Aged 25-54, Females","STSA","Level, rate or quantity series, s.a.","A","Annual","1986","1986","PC","Percentage","0","Units",,,8.833333,,
"CAN","Canada","LRUN25FE","Unemployment rate, Aged 25-54, Females","STSA","Level, rate or quantity series, s.a.","A","Annual","1987","1987","PC","Percentage","0","Units",,,8.483334,,
"CAN","Canada","LRUN25FE","Unemployment rate, Aged 25-54, Females","STSA","Level, rate or quantity series, s.a.","A","Annual","1988","1988","PC","Percentage","0","Units",,,7.716667,,
"CAN","Canada","LRUN25FE","Unemployment rate, Aged 25-54, Females","STSA","Level, rate or quantity series, s.a.","A","Annual","1989","1989","PC","Percentage","0","Units",,,7.475,,
"CAN","Canada","LRUN25FE","Unemployment rate, Aged 25-54, Females","STSA","Level, rate or quantity series, s.a.","A","Annual","1990","1990","PC","Percentage","0","Units",,,7.558333,,
"CAN","Canada","LRUN25FE","Unemployment rate, Aged 25-54, Females","STSA","Level, rate or quantity series, s.a.","A","Annual","1991","1991","PC","Percentage","0","Units",,,9.033334,,
"CAN","Canada","LRUN25FE","Unemployment rate, Aged 25-54, Females","STSA","Level, rate or quantity series, s.a.","A","Annual","1992","1992","PC","Percentage","0","Units",,,9.291667,,
"CAN","Canada","LRUN25FE","Unemployment rate, Aged 25-54, Females","STSA","Level, rate or quantity series, s.a.","A","Annual","1993","1993","PC","Percentage","0","Units",,,9.933333,,
"CAN","Canada","LRUN25FE","Unemployment rate, Aged 25-54, Females","STSA","Level, rate or quantity series, s.a.","A","Annual","1994","1994","PC","Percentage","0","Units",,,9.033334,,
"CAN","Canada","LRUN25FE","Unemployment rate, Aged 25-54, Females","STSA","Level, rate or quantity series, s.a.","A","Annual","1995","1995","PC","Percentage","0","Units",,,8.3,,
"CAN","Canada","LRUN25FE","Unemployment rate, Aged 25-54, Females","STSA","Level, rate or quantity series, s.a.","A","Annual","1996","1996","PC","Percentage","0","Units",,,8.483334,,
"CAN","Canada","LRUN25FE","Unemployment rate, Aged 25-54, Females","STSA","Level, rate or quantity series, s.a.","A","Annual","1997","1997","PC","Percentage","0","Units",,,7.708333,,
"CAN","Canada","LRUN25FE","Unemployment rate, Aged 25-54, Females","STSA","Level, rate or quantity series, s.a.","A","Annual","1998","1998","PC","Percentage","0","Units",,,6.933333,,
"CAN","Canada","LRUN25FE","Unemployment rate, Aged 25-54, Females","STSA","Level, rate or quantity series, s.a.","A","Annual","1999","1999","PC","Percentage","0","Units",,,6.316667,,
"CAN","Canada","LRUN25FE","Unemployment rate, Aged 25-54, Females","STSA","Level, rate or quantity series, s.a.","A","Annual","2000","2000","PC","Percentage","0","Units",,,5.775,,
"CAN","Canada","LRUN25FE","Unemployment rate, Aged 25-54, Females","STSA","Level, rate or quantity series, s.a.","A","Annual","2001","2001","PC","Percentage","0","Units",,,6.041667,,
"CAN","Canada","LRUN25FE","Unemployment rate, Aged 25-54, Females","STSA","Level, rate or quantity series, s.a.","A","Annual","2002","2002","PC","Percentage","0","Units",,,6.241667,,
"CAN","Canada","LRUN25FE","Unemployment rate, Aged 25-54, Females","STSA","Level, rate or quantity series, s.a.","A","Annual","2003","2003","PC","Percentage","0","Units",,,6.333333,,
"CAN","Canada","LRUN25FE","Unemployment rate, Aged 25-54, Females","STSA","Level, rate or quantity series, s.a.","A","Annual","2004","2004","PC","Percentage","0","Units",,,5.9,,
"CAN","Canada","LRUN25FE","Unemployment rate, Aged 25-54, Females","STSA","Level, rate or quantity series, s.a.","A","Annual","2005","2005","PC","Percentage","0","Units",,,5.683333,,
"CAN","Canada","LRUN25FE","Unemployment rate, Aged 25-54, Females","STSA","Level, rate or quantity series, s.a.","A","Annual","2006","2006","PC","Percentage","0","Units",,,5.366667,,
"CAN","Canada","LRUN25FE","Unemployment rate, Aged 25-54, Females","STSA","Level, rate or quantity series, s.a.","A","Annual","2007","2007","PC","Percentage","0","Units",,,4.958333,,
"CAN","Canada","LRUN25FE","Unemployment rate, Aged 25-54, Females","STSA","Level, rate or quantity series, s.a.","A","Annual","2008","2008","PC","Percentage","0","Units",,,4.933333,,
"CAN","Canada","LRUN25FE","Unemployment rate, Aged 25-54, Females","STSA","Level, rate or quantity series, s.a.","A","Annual","2009","2009","PC","Percentage","0","Units",,,6.291667,,
"CAN","Canada","LRUN25FE","Unemployment rate, Aged 25-54, Females","STSA","Level, rate or quantity series, s.a.","A","Annual","2010","2010","PC","Percentage","0","Units",,,6.558333,,
"CAN","Canada","LRUN25FE","Unemployment rate, Aged 25-54, Females","STSA","Level, rate or quantity series, s.a.","A","Annual","2011","2011","PC","Percentage","0","Units",,,6.241667,,
"CAN","Canada","LRUN25FE","Unemployment rate, Aged 25-54, Females","STSA","Level, rate or quantity series, s.a.","A","Annual","2012","2012","PC","Percentage","0","Units",,,5.95,,
"CAN","Canada","LRUN25FE","Unemployment rate, Aged 25-54, Females","STSA","Level, rate or quantity series, s.a.","A","Annual","2013","2013","PC","Percentage","0","Units",,,5.791667,,
"CAN","Canada","LRUN25FE","Unemployment rate, Aged 25-54, Females","STSA","Level, rate or quantity series, s.a.","A","Annual","2014","2014","PC","Percentage","0","Units",,,5.641667,,
"CAN","Canada","LRUN25FE","Unemployment rate, Aged 25-54, Females","STSA","Level, rate or quantity series, s.a.","A","Annual","2015","2015","PC","Percentage","0","Units",,,5.516667,,
"CAN","Canada","LRUN25FE","Unemployment rate, Aged 25-54, Females","STSA","Level, rate or quantity series, s.a.","A","Annual","2016","2016","PC","Percentage","0","Units",,,5.525,,
"CAN","Canada","LRUN25FE","Unemployment rate, Aged 25-54, Females","STSA","Level, rate or quantity series, s.a.","A","Annual","2017","2017","PC","Percentage","0","Units",,,5.3,,
"CAN","Canada","LRUN25FE","Unemployment rate, Aged 25-54, Females","STSA","Level, rate or quantity series, s.a.","A","Annual","2018","2018","PC","Percentage","0","Units",,,4.908333,,
"CAN","Canada","LRUN25FE","Unemployment rate, Aged 25-54, Females","STSA","Level, rate or quantity series, s.a.","A","Annual","2019","2019","PC","Percentage","0","Units",,,4.508333,,
"CAN","Canada","LRUN25FE","Unemployment rate, Aged 25-54, Females","STSA","Level, rate or quantity series, s.a.","A","Annual","2020","2020","PC","Percentage","0","Units",,,7.858333,,
"CAN","Canada","LRUN25FE","Unemployment rate, Aged 25-54, Females","STSA","Level, rate or quantity series, s.a.","A","Annual","2021","2021","PC","Percentage","0","Units",,,6.075,,
"DNK","Denmark","LRUN25FE","Unemployment rate, Aged 25-54, Females","STSA","Level, rate or quantity series, s.a.","A","Annual","1999","1999","PC","Percentage","0","Units",,,5.825,,
"DNK","Denmark","LRUN25FE","Unemployment rate, Aged 25-54, Females","STSA","Level, rate or quantity series, s.a.","A","Annual","2000","2000","PC","Percentage","0","Units",,,5,,
"DNK","Denmark","LRUN25FE","Unemployment rate, Aged 25-54, Females","STSA","Level, rate or quantity series, s.a.","A","Annual","2001","2001","PC","Percentage","0","Units",,,4.525,,
"DNK","Denmark","LRUN25FE","Unemployment rate, Aged 25-54, Females","STSA","Level, rate or quantity series, s.a.","A","Annual","2002","2002","PC","Percentage","0","Units",,,4.575,,
"DNK","Denmark","LRUN25FE","Unemployment rate, Aged 25-54, Females","STSA","Level, rate or quantity series, s.a.","A","Annual","2003","2003","PC","Percentage","0","Units",,,5.65,,
"DNK","Denmark","LRUN25FE","Unemployment rate, Aged 25-54, Females","STSA","Level, rate or quantity series, s.a.","A","Annual","2004","2004","PC","Percentage","0","Units",,,5.85,"B","Break"
"DNK","Denmark","LRUN25FE","Unemployment rate, Aged 25-54, Females","STSA","Level, rate or quantity series, s.a.","A","Annual","2005","2005","PC","Percentage","0","Units",,,4.55,,
"DNK","Denmark","LRUN25FE","Unemployment rate, Aged 25-54, Females","STSA","Level, rate or quantity series, s.a.","A","Annual","2006","2006","PC","Percentage","0","Units",,,4,,
"DNK","Denmark","LRUN25FE","Unemployment rate, Aged 25-54, Females","STSA","Level, rate or quantity series, s.a.","A","Annual","2007","2007","PC","Percentage","0","Units",,,3.55,"B","Break"
"DNK","Denmark","LRUN25FE","Unemployment rate, Aged 25-54, Females","STSA","Level, rate or quantity series, s.a.","A","Annual","2008","2008","PC","Percentage","0","Units",,,2.95,,
"DNK","Denmark","LRUN25FE","Unemployment rate, Aged 25-54, Females","STSA","Level, rate or quantity series, s.a.","A","Annual","2009","2009","PC","Percentage","0","Units",,,4.825,,
"DNK","Denmark","LRUN25FE","Unemployment rate, Aged 25-54, Females","STSA","Level, rate or quantity series, s.a.","A","Annual","2010","2010","PC","Percentage","0","Units",,,5.975,,
"DNK","Denmark","LRUN25FE","Unemployment rate, Aged 25-54, Females","STSA","Level, rate or quantity series, s.a.","A","Annual","2011","2011","PC","Percentage","0","Units",,,6.85,,
"DNK","Denmark","LRUN25FE","Unemployment rate, Aged 25-54, Females","STSA","Level, rate or quantity series, s.a.","A","Annual","2012","2012","PC","Percentage","0","Units",,,6.825,,
"DNK","Denmark","LRUN25FE","Unemployment rate, Aged 25-54, Females","STSA","Level, rate or quantity series, s.a.","A","Annual","2013","2013","PC","Percentage","0","Units",,,7.075,,
"DNK","Denmark","LRUN25FE","Unemployment rate, Aged 25-54, Females","STSA","Level, rate or quantity series, s.a.","A","Annual","2014","2014","PC","Percentage","0","Units",,,6.6,,
"DNK","Denmark","LRUN25FE","Unemployment rate, Aged 25-54, Females","STSA","Level, rate or quantity series, s.a.","A","Annual","2015","2015","PC","Percentage","0","Units",,,6.05,"B","Break"
"DNK","Denmark","LRUN25FE","Unemployment rate, Aged 25-54, Females","STSA","Level, rate or quantity series, s.a.","A","Annual","2016","2016","PC","Percentage","0","Units",,,6.075,"B","Break"
"DNK","Denmark","LRUN25FE","Unemployment rate, Aged 25-54, Females","STSA","Level, rate or quantity series, s.a.","A","Annual","2017","2017","PC","Percentage","0","Units",,,5.475,,
"DNK","Denmark","LRUN25FE","Unemployment rate, Aged 25-54, Females","STSA","Level, rate or quantity series, s.a.","A","Annual","2018","2018","PC","Percentage","0","Units",,,4.925,,
"DNK","Denmark","LRUN25FE","Unemployment rate, Aged 25-54, Females","STSA","Level, rate or quantity series, s.a.","A","Annual","2019","2019","PC","Percentage","0","Units",,,4.85,,
"DNK","Denmark","LRUN25FE","Unemployment rate, Aged 25-54, Females","STSA","Level, rate or quantity series, s.a.","A","Annual","2020","2020","PC","Percentage","0","Units",,,5.525,,
"DNK","Denmark","LRUN25FE","Unemployment rate, Aged 25-54, Females","STSA","Level, rate or quantity series, s.a.","A","Annual","2021","2021","PC","Percentage","0","Units",,,4.325,,
"FIN","Finland","LRUN25FE","Unemployment rate, Aged 25-54, Females","STSA","Level, rate or quantity series, s.a.","A","Annual","1998","1998","PC","Percentage","0","Units",,,10,,
"FIN","Finland","LRUN25FE","Unemployment rate, Aged 25-54, Females","STSA","Level, rate or quantity series, s.a.","A","Annual","1999","1999","PC","Percentage","0","Units",,,9,"B","Break"
"FIN","Finland","LRUN25FE","Unemployment rate, Aged 25-54, Females","STSA","Level, rate or quantity series, s.a.","A","Annual","2000","2000","PC","Percentage","0","Units",,,8.9,,
"FIN","Finland","LRUN25FE","Unemployment rate, Aged 25-54, Females","STSA","Level, rate or quantity series, s.a.","A","Annual","2001","2001","PC","Percentage","0","Units",,,8.05,,
"FIN","Finland","LRUN25FE","Unemployment rate, Aged 25-54, Females","STSA","Level, rate or quantity series, s.a.","A","Annual","2002","2002","PC","Percentage","0","Units",,,7.25,,
"FIN","Finland","LRUN25FE","Unemployment rate, Aged 25-54, Females","STSA","Level, rate or quantity series, s.a.","A","Annual","2003","2003","PC","Percentage","0","Units",,,6.95,,
"FIN","Finland","LRUN25FE","Unemployment rate, Aged 25-54, Females","STSA","Level, rate or quantity series, s.a.","A","Annual","2004","2004","PC","Percentage","0","Units",,,7.55,"B","Break"
"FIN","Finland","LRUN25FE","Unemployment rate, Aged 25-54, Females","STSA","Level, rate or quantity series, s.a.","A","Annual","2005","2005","PC","Percentage","0","Units",,,7.2,,
"FIN","Finland","LRUN25FE","Unemployment rate, Aged 25-54, Females","STSA","Level, rate or quantity series, s.a.","A","Annual","2006","2006","PC","Percentage","0","Units",,,6.6,,
"FIN","Finland","LRUN25FE","Unemployment rate, Aged 25-54, Females","STSA","Level, rate or quantity series, s.a.","A","Annual","2007","2007","PC","Percentage","0","Units",,,5.8,"B","Break"
"FIN","Finland","LRUN25FE","Unemployment rate, Aged 25-54, Females","STSA","Level, rate or quantity series, s.a.","A","Annual","2008","2008","PC","Percentage","0","Units",,,5.425,"B","Break"
"FIN","Finland","LRUN25FE","Unemployment rate, Aged 25-54, Females","STSA","Level, rate or quantity series, s.a.","A","Annual","2009","2009","PC","Percentage","0","Units",,,6.002801,,
"FIN","Finland","LRUN25FE","Unemployment rate, Aged 25-54, Females","STSA","Level, rate or quantity series, s.a.","A","Annual","2010","2010","PC","Percentage","0","Units",,,6.191455,,
"FIN","Finland","LRUN25FE","Unemployment rate, Aged 25-54, Females","STSA","Level, rate or quantity series, s.a.","A","Annual","2011","2011","PC","Percentage","0","Units",,,5.647504,,
"FIN","Finland","LRUN25FE","Unemployment rate, Aged 25-54, Females","STSA","Level, rate or quantity series, s.a.","A","Annual","2012","2012","PC","Percentage","0","Units",,,5.612411,,
"FIN","Finland","LRUN25FE","Unemployment rate, Aged 25-54, Females","STSA","Level, rate or quantity series, s.a.","A","Annual","2013","2013","PC","Percentage","0","Units",,,6.281562,,
"FIN","Finland","LRUN25FE","Unemployment rate, Aged 25-54, Females","STSA","Level, rate or quantity series, s.a.","A","Annual","2014","2014","PC","Percentage","0","Units",,,6.469607,,
"FIN","Finland","LRUN25FE","Unemployment rate, Aged 25-54, Females","STSA","Level, rate or quantity series, s.a.","A","Annual","2015","2015","PC","Percentage","0","Units",,,7.301799,,
"FIN","Finland","LRUN25FE","Unemployment rate, Aged 25-54, Females","STSA","Level, rate or quantity series, s.a.","A","Annual","2016","2016","PC","Percentage","0","Units",,,7.209688,,
"FIN","Finland","LRUN25FE","Unemployment rate, Aged 25-54, Females","STSA","Level, rate or quantity series, s.a.","A","Annual","2017","2017","PC","Percentage","0","Units",,,6.785141,,
"FIN","Finland","LRUN25FE","Unemployment rate, Aged 25-54, Females","STSA","Level, rate or quantity series, s.a.","A","Annual","2018","2018","PC","Percentage","0","Units",,,5.934064,,
"FIN","Finland","LRUN25FE","Unemployment rate, Aged 25-54, Females","STSA","Level, rate or quantity series, s.a.","A","Annual","2019","2019","PC","Percentage","0","Units",,,4.909448,,
"FIN","Finland","LRUN25FE","Unemployment rate, Aged 25-54, Females","STSA","Level, rate or quantity series, s.a.","A","Annual","2020","2020","PC","Percentage","0","Units",,,5.673299,,
"FIN","Finland","LRUN25FE","Unemployment rate, Aged 25-54, Females","STSA","Level, rate or quantity series, s.a.","A","Annual","2021","2021","PC","Percentage","0","Units",,,5.6,,
"FRA","France","LRUN25FE","Unemployment rate, Aged 25-54, Females","STSA","Level, rate or quantity series, s.a.","A","Annual","2003","2003","PC","Percentage","0","Units",,,8.185513,,
"FRA","France","LRUN25FE","Unemployment rate, Aged 25-54, Females","STSA","Level, rate or quantity series, s.a.","A","Annual","2004","2004","PC","Percentage","0","Units",,,8.322532,,
"FRA","France","LRUN25FE","Unemployment rate, Aged 25-54, Females","STSA","Level, rate or quantity series, s.a.","A","Annual","2005","2005","PC","Percentage","0","Units",,,8.289539,,
"FRA","France","LRUN25FE","Unemployment rate, Aged 25-54, Females","STSA","Level, rate or quantity series, s.a.","A","Annual","2006","2006","PC","Percentage","0","Units",,,7.92947,,
"FRA","France","LRUN25FE","Unemployment rate, Aged 25-54, Females","STSA","Level, rate or quantity series, s.a.","A","Annual","2007","2007","PC","Percentage","0","Units",,,7.10767,,
"FRA","France","LRUN25FE","Unemployment rate, Aged 25-54, Females","STSA","Level, rate or quantity series, s.a.","A","Annual","2008","2008","PC","Percentage","0","Units",,,6.600122,,
"FRA","France","LRUN25FE","Unemployment rate, Aged 25-54, Females","STSA","Level, rate or quantity series, s.a.","A","Annual","2009","2009","PC","Percentage","0","Units",,,7.655874,,
"FRA","France","LRUN25FE","Unemployment rate, Aged 25-54, Females","STSA","Level, rate or quantity series, s.a.","A","Annual","2010","2010","PC","Percentage","0","Units",,,7.873145,,
"FRA","France","LRUN25FE","Unemployment rate, Aged 25-54, Females","STSA","Level, rate or quantity series, s.a.","A","Annual","2011","2011","PC","Percentage","0","Units",,,8.019725,,
"FRA","France","LRUN25FE","Unemployment rate, Aged 25-54, Females","STSA","Level, rate or quantity series, s.a.","A","Annual","2012","2012","PC","Percentage","0","Units",,,8.320544,,
"FRA","France","LRUN25FE","Unemployment rate, Aged 25-54, Females","STSA","Level, rate or quantity series, s.a.","A","Annual","2013","2013","PC","Percentage","0","Units",,,8.654181,,
"FRA","France","LRUN25FE","Unemployment rate, Aged 25-54, Females","STSA","Level, rate or quantity series, s.a.","A","Annual","2014","2014","PC","Percentage","0","Units",,,8.681403,,
"FRA","France","LRUN25FE","Unemployment rate, Aged 25-54, Females","STSA","Level, rate or quantity series, s.a.","A","Annual","2015","2015","PC","Percentage","0","Units",,,8.528928,,
"FRA","France","LRUN25FE","Unemployment rate, Aged 25-54, Females","STSA","Level, rate or quantity series, s.a.","A","Annual","2016","2016","PC","Percentage","0","Units",,,8.506017,,
"FRA","France","LRUN25FE","Unemployment rate, Aged 25-54, Females","STSA","Level, rate or quantity series, s.a.","A","Annual","2017","2017","PC","Percentage","0","Units",,,8.38762,,
"FRA","France","LRUN25FE","Unemployment rate, Aged 25-54, Females","STSA","Level, rate or quantity series, s.a.","A","Annual","2018","2018","PC","Percentage","0","Units",,,7.995237,,
"FRA","France","LRUN25FE","Unemployment rate, Aged 25-54, Females","STSA","Level, rate or quantity series, s.a.","A","Annual","2019","2019","PC","Percentage","0","Units",,,7.20228,,
"FRA","France","LRUN25FE","Unemployment rate, Aged 25-54, Females","STSA","Level, rate or quantity series, s.a.","A","Annual","2020","2020","PC","Percentage","0","Units",,,6.700534,,
"FRA","France","LRUN25FE","Unemployment rate, Aged 25-54, Females","STSA","Level, rate or quantity series, s.a.","A","Annual","2021","2021","PC","Percentage","0","Units",,,6.75,,
"DEU","Germany","LRUN25FE","Unemployment rate, Aged 25-54, Females","STSA","Level, rate or quantity series, s.a.","A","Annual","2005","2005","PC","Percentage","0","Units",,,10.175,,
"DEU","Germany","LRUN25FE","Unemployment rate, Aged 25-54, Females","STSA","Level, rate or quantity series, s.a.","A","Annual","2006","2006","PC","Percentage","0","Units",,,9.475,,
"DEU","Germany","LRUN25FE","Unemployment rate, Aged 25-54, Females","STSA","Level, rate or quantity series, s.a.","A","Annual","2007","2007","PC","Percentage","0","Units",,,8.125,,
"DEU","Germany","LRUN25FE","Unemployment rate, Aged 25-54, Females","STSA","Level, rate or quantity series, s.a.","A","Annual","2008","2008","PC","Percentage","0","Units",,,7.175,,
"DEU","Germany","LRUN25FE","Unemployment rate, Aged 25-54, Females","STSA","Level, rate or quantity series, s.a.","A","Annual","2009","2009","PC","Percentage","0","Units",,,6.346198,"B","Break"
"DEU","Germany","LRUN25FE","Unemployment rate, Aged 25-54, Females","STSA","Level, rate or quantity series, s.a.","A","Annual","2010","2010","PC","Percentage","0","Units",,,5.627408,"B","Break"
"DEU","Germany","LRUN25FE","Unemployment rate, Aged 25-54, Females","STSA","Level, rate or quantity series, s.a.","A","Annual","2011","2011","PC","Percentage","0","Units",,,4.759282,,
"DEU","Germany","LRUN25FE","Unemployment rate, Aged 25-54, Females","STSA","Level, rate or quantity series, s.a.","A","Annual","2012","2012","PC","Percentage","0","Units",,,4.485096,,
"DEU","Germany","LRUN25FE","Unemployment rate, Aged 25-54, Females","STSA","Level, rate or quantity series, s.a.","A","Annual","2013","2013","PC","Percentage","0","Units",,,4.240286,,
"DEU","Germany","LRUN25FE","Unemployment rate, Aged 25-54, Females","STSA","Level, rate or quantity series, s.a.","A","Annual","2014","2014","PC","Percentage","0","Units",,,4.021792,,
"DEU","Germany","LRUN25FE","Unemployment rate, Aged 25-54, Females","STSA","Level, rate or quantity series, s.a.","A","Annual","2015","2015","PC","Percentage","0","Units",,,3.701247,,
"DEU","Germany","LRUN25FE","Unemployment rate, Aged 25-54, Females","STSA","Level, rate or quantity series, s.a.","A","Annual","2016","2016","PC","Percentage","0","Units",,,3.249228,,
"DEU","Germany","LRUN25FE","Unemployment rate, Aged 25-54, Females","STSA","Level, rate or quantity series, s.a.","A","Annual","2017","2017","PC","Percentage","0","Units",,,2.85543,,
"DEU","Germany","LRUN25FE","Unemployment rate, Aged 25-54, Females","STSA","Level, rate or quantity series, s.a.","A","Annual","2018","2018","PC","Percentage","0","Units",,,2.549818,,
"DEU","Germany","LRUN25FE","Unemployment rate, Aged 25-54, Females","STSA","Level, rate or quantity series, s.a.","A","Annual","2019","2019","PC","Percentage","0","Units",,,2.398302,"B","Break"
"DEU","Germany","LRUN25FE","Unemployment rate, Aged 25-54, Females","STSA","Level, rate or quantity series, s.a.","A","Annual","2020","2020","PC","Percentage","0","Units",,,2.966222,"U","Low reliability"
"DEU","Germany","LRUN25FE","Unemployment rate, Aged 25-54, Females","STSA","Level, rate or quantity series, s.a.","A","Annual","2021","2021","PC","Percentage","0","Units",,,2.925,,
"IRL","Ireland","LRUN25FE","Unemployment rate, Aged 25-54, Females","STSA","Level, rate or quantity series, s.a.","A","Annual","2000","2000","PC","Percentage","0","Units",,,3.55,,
"IRL","Ireland","LRUN25FE","Unemployment rate, Aged 25-54, Females","STSA","Level, rate or quantity series, s.a.","A","Annual","2001","2001","PC","Percentage","0","Units",,,3.125,,
"IRL","Ireland","LRUN25FE","Unemployment rate, Aged 25-54, Females","STSA","Level, rate or quantity series, s.a.","A","Annual","2002","2002","PC","Percentage","0","Units",,,3.325,,
"IRL","Ireland","LRUN25FE","Unemployment rate, Aged 25-54, Females","STSA","Level, rate or quantity series, s.a.","A","Annual","2003","2003","PC","Percentage","0","Units",,,3.525,,
"IRL","Ireland","LRUN25FE","Unemployment rate, Aged 25-54, Females","STSA","Level, rate or quantity series, s.a.","A","Annual","2004","2004","PC","Percentage","0","Units",,,3.175,"B","Break"
"IRL","Ireland","LRUN25FE","Unemployment rate, Aged 25-54, Females","STSA","Level, rate or quantity series, s.a.","A","Annual","2005","2005","PC","Percentage","0","Units",,,3.225,,
"IRL","Ireland","LRUN25FE","Unemployment rate, Aged 25-54, Females","STSA","Level, rate or quantity series, s.a.","A","Annual","2006","2006","PC","Percentage","0","Units",,,3.575,"B","Break"
"IRL","Ireland","LRUN25FE","Unemployment rate, Aged 25-54, Females","STSA","Level, rate or quantity series, s.a.","A","Annual","2007","2007","PC","Percentage","0","Units",,,4.375,,
"IRL","Ireland","LRUN25FE","Unemployment rate, Aged 25-54, Females","STSA","Level, rate or quantity series, s.a.","A","Annual","2008","2008","PC","Percentage","0","Units",,,4.875,"B","Break"
"IRL","Ireland","LRUN25FE","Unemployment rate, Aged 25-54, Females","STSA","Level, rate or quantity series, s.a.","A","Annual","2009","2009","PC","Percentage","0","Units",,,8.384275,,
"IRL","Ireland","LRUN25FE","Unemployment rate, Aged 25-54, Females","STSA","Level, rate or quantity series, s.a.","A","Annual","2010","2010","PC","Percentage","0","Units",,,10.25038,,
"IRL","Ireland","LRUN25FE","Unemployment rate, Aged 25-54, Females","STSA","Level, rate or quantity series, s.a.","A","Annual","2011","2011","PC","Percentage","0","Units",,,11.60064,,
"IRL","Ireland","LRUN25FE","Unemployment rate, Aged 25-54, Females","STSA","Level, rate or quantity series, s.a.","A","Annual","2012","2012","PC","Percentage","0","Units",,,11.7666,,
"IRL","Ireland","LRUN25FE","Unemployment rate, Aged 25-54, Females","STSA","Level, rate or quantity series, s.a.","A","Annual","2013","2013","PC","Percentage","0","Units",,,11.25906,,
"IRL","Ireland","LRUN25FE","Unemployment rate, Aged 25-54, Females","STSA","Level, rate or quantity series, s.a.","A","Annual","2014","2014","PC","Percentage","0","Units",,,9.907504,,
"IRL","Ireland","LRUN25FE","Unemployment rate, Aged 25-54, Females","STSA","Level, rate or quantity series, s.a.","A","Annual","2015","2015","PC","Percentage","0","Units",,,8.121359,,
"IRL","Ireland","LRUN25FE","Unemployment rate, Aged 25-54, Females","STSA","Level, rate or quantity series, s.a.","A","Annual","2016","2016","PC","Percentage","0","Units",,,7.073099,,
"IRL","Ireland","LRUN25FE","Unemployment rate, Aged 25-54, Females","STSA","Level, rate or quantity series, s.a.","A","Annual","2017","2017","PC","Percentage","0","Units",,,5.42291,,
"IRL","Ireland","LRUN25FE","Unemployment rate, Aged 25-54, Females","STSA","Level, rate or quantity series, s.a.","A","Annual","2018","2018","PC","Percentage","0","Units",,,4.885257,,
"IRL","Ireland","LRUN25FE","Unemployment rate, Aged 25-54, Females","STSA","Level, rate or quantity series, s.a.","A","Annual","2019","2019","PC","Percentage","0","Units",,,3.97228,,
"IRL","Ireland","LRUN25FE","Unemployment rate, Aged 25-54, Females","STSA","Level, rate or quantity series, s.a.","A","Annual","2020","2020","PC","Percentage","0","Units",,,4.745843,,
"IRL","Ireland","LRUN25FE","Unemployment rate, Aged 25-54, Females","STSA","Level, rate or quantity series, s.a.","A","Annual","2021","2021","PC","Percentage","0","Units",,,4.825,,
"ITA","Italy","LRUN25FE","Unemployment rate, Aged 25-54, Females","STSA","Level, rate or quantity series, s.a.","A","Annual","1998","1998","PC","Percentage","0","Units",,,13.425,,
"ITA","Italy","LRUN25FE","Unemployment rate, Aged 25-54, Females","STSA","Level, rate or quantity series, s.a.","A","Annual","1999","1999","PC","Percentage","0","Units",,,13.05,,
"ITA","Italy","LRUN25FE","Unemployment rate, Aged 25-54, Females","STSA","Level, rate or quantity series, s.a.","A","Annual","2000","2000","PC","Percentage","0","Units",,,12.075,,
"ITA","Italy","LRUN25FE","Unemployment rate, Aged 25-54, Females","STSA","Level, rate or quantity series, s.a.","A","Annual","2001","2001","PC","Percentage","0","Units",,,11.1,,
"ITA","Italy","LRUN25FE","Unemployment rate, Aged 25-54, Females","STSA","Level, rate or quantity series, s.a.","A","Annual","2002","2002","PC","Percentage","0","Units",,,10.5,,
"ITA","Italy","LRUN25FE","Unemployment rate, Aged 25-54, Females","STSA","Level, rate or quantity series, s.a.","A","Annual","2003","2003","PC","Percentage","0","Units",,,9.975,"B","Break"
"ITA","Italy","LRUN25FE","Unemployment rate, Aged 25-54, Females","STSA","Level, rate or quantity series, s.a.","A","Annual","2004","2004","PC","Percentage","0","Units",,,9.175,"B","Break"
"ITA","Italy","LRUN25FE","Unemployment rate, Aged 25-54, Females","STSA","Level, rate or quantity series, s.a.","A","Annual","2005","2005","PC","Percentage","0","Units",,,8.925,,
"ITA","Italy","LRUN25FE","Unemployment rate, Aged 25-54, Females","STSA","Level, rate or quantity series, s.a.","A","Annual","2006","2006","PC","Percentage","0","Units",,,7.8,,
"ITA","Italy","LRUN25FE","Unemployment rate, Aged 25-54, Females","STSA","Level, rate or quantity series, s.a.","A","Annual","2007","2007","PC","Percentage","0","Units",,,7.1,,
"ITA","Italy","LRUN25FE","Unemployment rate, Aged 25-54, Females","STSA","Level, rate or quantity series, s.a.","A","Annual","2008","2008","PC","Percentage","0","Units",,,7.725,"B","Break"
"ITA","Italy","LRUN25FE","Unemployment rate, Aged 25-54, Females","STSA","Level, rate or quantity series, s.a.","A","Annual","2009","2009","PC","Percentage","0","Units",,,8.496152,,
"ITA","Italy","LRUN25FE","Unemployment rate, Aged 25-54, Females","STSA","Level, rate or quantity series, s.a.","A","Annual","2010","2010","PC","Percentage","0","Units",,,8.970245,,
"ITA","Italy","LRUN25FE","Unemployment rate, Aged 25-54, Females","STSA","Level, rate or quantity series, s.a.","A","Annual","2011","2011","PC","Percentage","0","Units",,,8.854896,,
"ITA","Italy","LRUN25FE","Unemployment rate, Aged 25-54, Females","STSA","Level, rate or quantity series, s.a.","A","Annual","2012","2012","PC","Percentage","0","Units",,,11.06742,,
"ITA","Italy","LRUN25FE","Unemployment rate, Aged 25-54, Females","STSA","Level, rate or quantity series, s.a.","A","Annual","2013","2013","PC","Percentage","0","Units",,,12.45851,,
"ITA","Italy","LRUN25FE","Unemployment rate, Aged 25-54, Females","STSA","Level, rate or quantity series, s.a.","A","Annual","2014","2014","PC","Percentage","0","Units",,,13.24104,,
"ITA","Italy","LRUN25FE","Unemployment rate, Aged 25-54, Females","STSA","Level, rate or quantity series, s.a.","A","Annual","2015","2015","PC","Percentage","0","Units",,,12.22335,,
"ITA","Italy","LRUN25FE","Unemployment rate, Aged 25-54, Females","STSA","Level, rate or quantity series, s.a.","A","Annual","2016","2016","PC","Percentage","0","Units",,,12.45272,,
"ITA","Italy","LRUN25FE","Unemployment rate, Aged 25-54, Females","STSA","Level, rate or quantity series, s.a.","A","Annual","2017","2017","PC","Percentage","0","Units",,,12.29377,,
"ITA","Italy","LRUN25FE","Unemployment rate, Aged 25-54, Females","STSA","Level, rate or quantity series, s.a.","A","Annual","2018","2018","PC","Percentage","0","Units",,,11.79757,,
"ITA","Italy","LRUN25FE","Unemployment rate, Aged 25-54, Females","STSA","Level, rate or quantity series, s.a.","A","Annual","2019","2019","PC","Percentage","0","Units",,,11.25494,,
"ITA","Italy","LRUN25FE","Unemployment rate, Aged 25-54, Females","STSA","Level, rate or quantity series, s.a.","A","Annual","2020","2020","PC","Percentage","0","Units",,,10.51498,,
"ITA","Italy","LRUN25FE","Unemployment rate, Aged 25-54, Females","STSA","Level, rate or quantity series, s.a.","A","Annual","2021","2021","PC","Percentage","0","Units",,,10.65,,
"JPN","Japan","LRUN25FE","Unemployment rate, Aged 25-54, Females","STSA","Level, rate or quantity series, s.a.","A","Annual","1980","1980","PC","Percentage","0","Units",,,1.91366,,
"JPN","Japan","LRUN25FE","Unemployment rate, Aged 25-54, Females","STSA","Level, rate or quantity series, s.a.","A","Annual","1981","1981","PC","Percentage","0","Units",,,1.954085,,
"JPN","Japan","LRUN25FE","Unemployment rate, Aged 25-54, Females","STSA","Level, rate or quantity series, s.a.","A","Annual","1982","1982","PC","Percentage","0","Units",,,2.102777,,
"JPN","Japan","LRUN25FE","Unemployment rate, Aged 25-54, Females","STSA","Level, rate or quantity series, s.a.","A","Annual","1983","1983","PC","Percentage","0","Units",,,2.513782,,
"JPN","Japan","LRUN25FE","Unemployment rate, Aged 25-54, Females","STSA","Level, rate or quantity series, s.a.","A","Annual","1984","1984","PC","Percentage","0","Units",,,2.600431,,
"JPN","Japan","LRUN25FE","Unemployment rate, Aged 25-54, Females","STSA","Level, rate or quantity series, s.a.","A","Annual","1985","1985","PC","Percentage","0","Units",,,2.482212,,
"JPN","Japan","LRUN25FE","Unemployment rate, Aged 25-54, Females","STSA","Level, rate or quantity series, s.a.","A","Annual","1986","1986","PC","Percentage","0","Units",,,2.601815,,
"JPN","Japan","LRUN25FE","Unemployment rate, Aged 25-54, Females","STSA","Level, rate or quantity series, s.a.","A","Annual","1987","1987","PC","Percentage","0","Units",,,2.620494,,
"JPN","Japan","LRUN25FE","Unemployment rate, Aged 25-54, Females","STSA","Level, rate or quantity series, s.a.","A","Annual","1988","1988","PC","Percentage","0","Units",,,2.407692,,
"JPN","Japan","LRUN25FE","Unemployment rate, Aged 25-54, Females","STSA","Level, rate or quantity series, s.a.","A","Annual","1989","1989","PC","Percentage","0","Units",,,2.133777,,
"JPN","Japan","LRUN25FE","Unemployment rate, Aged 25-54, Females","STSA","Level, rate or quantity series, s.a.","A","Annual","1990","1990","PC","Percentage","0","Units",,,2.043699,,
"JPN","Japan","LRUN25FE","Unemployment rate, Aged 25-54, Females","STSA","Level, rate or quantity series, s.a.","A","Annual","1991","1991","PC","Percentage","0","Units",,,2.064838,,
"JPN","Japan","LRUN25FE","Unemployment rate, Aged 25-54, Females","STSA","Level, rate or quantity series, s.a.","A","Annual","1992","1992","PC","Percentage","0","Units",,,2.109718,,
"JPN","Japan","LRUN25FE","Unemployment rate, Aged 25-54, Females","STSA","Level, rate or quantity series, s.a.","A","Annual","1993","1993","PC","Percentage","0","Units",,,2.425363,,
"JPN","Japan","LRUN25FE","Unemployment rate, Aged 25-54, Females","STSA","Level, rate or quantity series, s.a.","A","Annual","1994","1994","PC","Percentage","0","Units",,,2.806695,,
"JPN","Japan","LRUN25FE","Unemployment rate, Aged 25-54, Females","STSA","Level, rate or quantity series, s.a.","A","Annual","1995","1995","PC","Percentage","0","Units",,,3.027367,,
"JPN","Japan","LRUN25FE","Unemployment rate, Aged 25-54, Females","STSA","Level, rate or quantity series, s.a.","A","Annual","1996","1996","PC","Percentage","0","Units",,,3.092023,,
"JPN","Japan","LRUN25FE","Unemployment rate, Aged 25-54, Females","STSA","Level, rate or quantity series, s.a.","A","Annual","1997","1997","PC","Percentage","0","Units",,,3.262419,,
"JPN","Japan","LRUN25FE","Unemployment rate, Aged 25-54, Females","STSA","Level, rate or quantity series, s.a.","A","Annual","1998","1998","PC","Percentage","0","Units",,,3.871776,,
"JPN","Japan","LRUN25FE","Unemployment rate, Aged 25-54, Females","STSA","Level, rate or quantity series, s.a.","A","Annual","1999","1999","PC","Percentage","0","Units",,,4.382739,,
"JPN","Japan","LRUN25FE","Unemployment rate, Aged 25-54, Females","STSA","Level, rate or quantity series, s.a.","A","Annual","2000","2000","PC","Percentage","0","Units",,,4.376341,,
"JPN","Japan","LRUN25FE","Unemployment rate, Aged 25-54, Females","STSA","Level, rate or quantity series, s.a.","A","Annual","2001","2001","PC","Percentage","0","Units",,,4.601753,,
"JPN","Japan","LRUN25FE","Unemployment rate, Aged 25-54, Females","STSA","Level, rate or quantity series, s.a.","A","Annual","2002","2002","PC","Percentage","0","Units",,,5.181406,,
"JPN","Japan","LRUN25FE","Unemployment rate, Aged 25-54, Females","STSA","Level, rate or quantity series, s.a.","A","Annual","2003","2003","PC","Percentage","0","Units",,,4.914133,,
"JPN","Japan","LRUN25FE","Unemployment rate, Aged 25-54, Females","STSA","Level, rate or quantity series, s.a.","A","Annual","2004","2004","PC","Percentage","0","Units",,,4.454593,,
"JPN","Japan","LRUN25FE","Unemployment rate, Aged 25-54, Females","STSA","Level, rate or quantity series, s.a.","A","Annual","2005","2005","PC","Percentage","0","Units",,,4.411306,,
"JPN","Japan","LRUN25FE","Unemployment rate, Aged 25-54, Females","STSA","Level, rate or quantity series, s.a.","A","Annual","2006","2006","PC","Percentage","0","Units",,,3.91698,,
"JPN","Japan","LRUN25FE","Unemployment rate, Aged 25-54, Females","STSA","Level, rate or quantity series, s.a.","A","Annual","2007","2007","PC","Percentage","0","Units",,,3.837353,,
"JPN","Japan","LRUN25FE","Unemployment rate, Aged 25-54, Females","STSA","Level, rate or quantity series, s.a.","A","Annual","2008","2008","PC","Percentage","0","Units",,,4.071626,,
"JPN","Japan","LRUN25FE","Unemployment rate, Aged 25-54, Females","STSA","Level, rate or quantity series, s.a.","A","Annual","2009","2009","PC","Percentage","0","Units",,,5.055683,,
"JPN","Japan","LRUN25FE","Unemployment rate, Aged 25-54, Females","STSA","Level, rate or quantity series, s.a.","A","Annual","2010","2010","PC","Percentage","0","Units",,,4.816527,,
"JPN","Japan","LRUN25FE","Unemployment rate, Aged 25-54, Females","STSA","Level, rate or quantity series, s.a.","A","Annual","2011","2011","PC","Percentage","0","Units",,,4.374848,"B","Break"
"JPN","Japan","LRUN25FE","Unemployment rate, Aged 25-54, Females","STSA","Level, rate or quantity series, s.a.","A","Annual","2012","2012","PC","Percentage","0","Units",,,4.218292,,
"JPN","Japan","LRUN25FE","Unemployment rate, Aged 25-54, Females","STSA","Level, rate or quantity series, s.a.","A","Annual","2013","2013","PC","Percentage","0","Units",,,3.892772,,
"JPN","Japan","LRUN25FE","Unemployment rate, Aged 25-54, Females","STSA","Level, rate or quantity series, s.a.","A","Annual","2014","2014","PC","Percentage","0","Units",,,3.58697,,
"JPN","Japan","LRUN25FE","Unemployment rate, Aged 25-54, Females","STSA","Level, rate or quantity series, s.a.","A","Annual","2015","2015","PC","Percentage","0","Units",,,3.311159,,
"JPN","Japan","LRUN25FE","Unemployment rate, Aged 25-54, Females","STSA","Level, rate or quantity series, s.a.","A","Annual","2016","2016","PC","Percentage","0","Units",,,3.034301,,
"JPN","Japan","LRUN25FE","Unemployment rate, Aged 25-54, Females","STSA","Level, rate or quantity series, s.a.","A","Annual","2017","2017","PC","Percentage","0","Units",,,2.75864,,
"JPN","Japan","LRUN25FE","Unemployment rate, Aged 25-54, Females","STSA","Level, rate or quantity series, s.a.","A","Annual","2018","2018","PC","Percentage","0","Units",,,2.49072,,
"JPN","Japan","LRUN25FE","Unemployment rate, Aged 25-54, Females","STSA","Level, rate or quantity series, s.a.","A","Annual","2019","2019","PC","Percentage","0","Units",,,2.360716,,
"JPN","Japan","LRUN25FE","Unemployment rate, Aged 25-54, Females","STSA","Level, rate or quantity series, s.a.","A","Annual","2020","2020","PC","Percentage","0","Units",,,2.734029,,
"JPN","Japan","LRUN25FE","Unemployment rate, Aged 25-54, Females","STSA","Level, rate or quantity series, s.a.","A","Annual","2021","2021","PC","Percentage","0","Units",,,2.609864,,
"NLD","Netherlands","LRUN25FE","Unemployment rate, Aged 25-54, Females","STSA","Level, rate or quantity series, s.a.","A","Annual","2000","2000","PC","Percentage","0","Units",,,3.2,,
"NLD","Netherlands","LRUN25FE","Unemployment rate, Aged 25-54, Females","STSA","Level, rate or quantity series, s.a.","A","Annual","2001","2001","PC","Percentage","0","Units",,,2.375,,
"NLD","Netherlands","LRUN25FE","Unemployment rate, Aged 25-54, Females","STSA","Level, rate or quantity series, s.a.","A","Annual","2002","2002","PC","Percentage","0","Units",,,2.8,,
"NLD","Netherlands","LRUN25FE","Unemployment rate, Aged 25-54, Females","STSA","Level, rate or quantity series, s.a.","A","Annual","2003","2003","PC","Percentage","0","Units",,,3.45,,
"NLD","Netherlands","LRUN25FE","Unemployment rate, Aged 25-54, Females","STSA","Level, rate or quantity series, s.a.","A","Annual","2004","2004","PC","Percentage","0","Units",,,4.225,"B","Break"
"NLD","Netherlands","LRUN25FE","Unemployment rate, Aged 25-54, Females","STSA","Level, rate or quantity series, s.a.","A","Annual","2005","2005","PC","Percentage","0","Units",,,6.25,,
"NLD","Netherlands","LRUN25FE","Unemployment rate, Aged 25-54, Females","STSA","Level, rate or quantity series, s.a.","A","Annual","2006","2006","PC","Percentage","0","Units",,,5.425,,
"NLD","Netherlands","LRUN25FE","Unemployment rate, Aged 25-54, Females","STSA","Level, rate or quantity series, s.a.","A","Annual","2007","2007","PC","Percentage","0","Units",,,4.4,,
"NLD","Netherlands","LRUN25FE","Unemployment rate, Aged 25-54, Females","STSA","Level, rate or quantity series, s.a.","A","Annual","2008","2008","PC","Percentage","0","Units",,,3.7,"B","Break"
"NLD","Netherlands","LRUN25FE","Unemployment rate, Aged 25-54, Females","STSA","Level, rate or quantity series, s.a.","A","Annual","2009","2009","PC","Percentage","0","Units",,,5.200551,,
"NLD","Netherlands","LRUN25FE","Unemployment rate, Aged 25-54, Females","STSA","Level, rate or quantity series, s.a.","A","Annual","2010","2010","PC","Percentage","0","Units",,,5.761675,,
"NLD","Netherlands","LRUN25FE","Unemployment rate, Aged 25-54, Females","STSA","Level, rate or quantity series, s.a.","A","Annual","2011","2011","PC","Percentage","0","Units",,,5.646128,,
"NLD","Netherlands","LRUN25FE","Unemployment rate, Aged 25-54, Females","STSA","Level, rate or quantity series, s.a.","A","Annual","2012","2012","PC","Percentage","0","Units",,,6.199243,,
"NLD","Netherlands","LRUN25FE","Unemployment rate, Aged 25-54, Females","STSA","Level, rate or quantity series, s.a.","A","Annual","2013","2013","PC","Percentage","0","Units",,,7.269461,,
"NLD","Netherlands","LRUN25FE","Unemployment rate, Aged 25-54, Females","STSA","Level, rate or quantity series, s.a.","A","Annual","2014","2014","PC","Percentage","0","Units",,,7.715525,,
"NLD","Netherlands","LRUN25FE","Unemployment rate, Aged 25-54, Females","STSA","Level, rate or quantity series, s.a.","A","Annual","2015","2015","PC","Percentage","0","Units",,,7.364324,,
"NLD","Netherlands","LRUN25FE","Unemployment rate, Aged 25-54, Females","STSA","Level, rate or quantity series, s.a.","A","Annual","2016","2016","PC","Percentage","0","Units",,,6.480816,,
"NLD","Netherlands","LRUN25FE","Unemployment rate, Aged 25-54, Females","STSA","Level, rate or quantity series, s.a.","A","Annual","2017","2017","PC","Percentage","0","Units",,,5.334951,,
"NLD","Netherlands","LRUN25FE","Unemployment rate, Aged 25-54, Females","STSA","Level, rate or quantity series, s.a.","A","Annual","2018","2018","PC","Percentage","0","Units",,,4.157946,,
"NLD","Netherlands","LRUN25FE","Unemployment rate, Aged 25-54, Females","STSA","Level, rate or quantity series, s.a.","A","Annual","2019","2019","PC","Percentage","0","Units",,,3.816486,,
"NLD","Netherlands","LRUN25FE","Unemployment rate, Aged 25-54, Females","STSA","Level, rate or quantity series, s.a.","A","Annual","2020","2020","PC","Percentage","0","Units",,,4.125211,,
"NLD","Netherlands","LRUN25FE","Unemployment rate, Aged 25-54, Females","STSA","Level, rate or quantity series, s.a.","A","Annual","2021","2021","PC","Percentage","0","Units",,,3.55,,
"NZL","New Zealand","LRUN25FE","Unemployment rate, Aged 25-54, Females","STSA","Level, rate or quantity series, s.a.","A","Annual","1986","1986","PC","Percentage","0","Units",,,3.735609,"E","Estimated value"
"NZL","New Zealand","LRUN25FE","Unemployment rate, Aged 25-54, Females","STSA","Level, rate or quantity series, s.a.","A","Annual","1987","1987","PC","Percentage","0","Units",,,3.276963,"E","Estimated value"
"NZL","New Zealand","LRUN25FE","Unemployment rate, Aged 25-54, Females","STSA","Level, rate or quantity series, s.a.","A","Annual","1988","1988","PC","Percentage","0","Units",,,4.232941,"E","Estimated value"
"NZL","New Zealand","LRUN25FE","Unemployment rate, Aged 25-54, Females","STSA","Level, rate or quantity series, s.a.","A","Annual","1989","1989","PC","Percentage","0","Units",,,5.267507,"E","Estimated value"
"NZL","New Zealand","LRUN25FE","Unemployment rate, Aged 25-54, Females","STSA","Level, rate or quantity series, s.a.","A","Annual","1990","1990","PC","Percentage","0","Units",,,5.488235,"E","Estimated value"
"NZL","New Zealand","LRUN25FE","Unemployment rate, Aged 25-54, Females","STSA","Level, rate or quantity series, s.a.","A","Annual","1991","1991","PC","Percentage","0","Units",,,7.665211,"E","Estimated value"
"NZL","New Zealand","LRUN25FE","Unemployment rate, Aged 25-54, Females","STSA","Level, rate or quantity series, s.a.","A","Annual","1992","1992","PC","Percentage","0","Units",,,7.830268,"E","Estimated value"
"NZL","New Zealand","LRUN25FE","Unemployment rate, Aged 25-54, Females","STSA","Level, rate or quantity series, s.a.","A","Annual","1993","1993","PC","Percentage","0","Units",,,7.140127,"E","Estimated value"
"NZL","New Zealand","LRUN25FE","Unemployment rate, Aged 25-54, Females","STSA","Level, rate or quantity series, s.a.","A","Annual","1994","1994","PC","Percentage","0","Units",,,6.127398,"E","Estimated value"
"NZL","New Zealand","LRUN25FE","Unemployment rate, Aged 25-54, Females","STSA","Level, rate or quantity series, s.a.","A","Annual","1995","1995","PC","Percentage","0","Units",,,5.164635,"E","Estimated value"
"NZL","New Zealand","LRUN25FE","Unemployment rate, Aged 25-54, Females","STSA","Level, rate or quantity series, s.a.","A","Annual","1996","1996","PC","Percentage","0","Units",,,5.170167,"E","Estimated value"
"NZL","New Zealand","LRUN25FE","Unemployment rate, Aged 25-54, Females","STSA","Level, rate or quantity series, s.a.","A","Annual","1997","1997","PC","Percentage","0","Units",,,5.493309,"E","Estimated value"
"NZL","New Zealand","LRUN25FE","Unemployment rate, Aged 25-54, Females","STSA","Level, rate or quantity series, s.a.","A","Annual","1998","1998","PC","Percentage","0","Units",,,6.404988,"E","Estimated value"
"NZL","New Zealand","LRUN25FE","Unemployment rate, Aged 25-54, Females","STSA","Level, rate or quantity series, s.a.","A","Annual","1999","1999","PC","Percentage","0","Units",,,5.528282,"E","Estimated value"
"NZL","New Zealand","LRUN25FE","Unemployment rate, Aged 25-54, Females","STSA","Level, rate or quantity series, s.a.","A","Annual","2000","2000","PC","Percentage","0","Units",,,4.785421,"E","Estimated value"
"NZL","New Zealand","LRUN25FE","Unemployment rate, Aged 25-54, Females","STSA","Level, rate or quantity series, s.a.","A","Annual","2001","2001","PC","Percentage","0","Units",,,4.23185,"E","Estimated value"
"NZL","New Zealand","LRUN25FE","Unemployment rate, Aged 25-54, Females","STSA","Level, rate or quantity series, s.a.","A","Annual","2002","2002","PC","Percentage","0","Units",,,4.305445,"E","Estimated value"
"NZL","New Zealand","LRUN25FE","Unemployment rate, Aged 25-54, Females","STSA","Level, rate or quantity series, s.a.","A","Annual","2003","2003","PC","Percentage","0","Units",,,4.022707,"E","Estimated value"
"NZL","New Zealand","LRUN25FE","Unemployment rate, Aged 25-54, Females","STSA","Level, rate or quantity series, s.a.","A","Annual","2004","2004","PC","Percentage","0","Units",,,3.467514,"E","Estimated value"
"NZL","New Zealand","LRUN25FE","Unemployment rate, Aged 25-54, Females","STSA","Level, rate or quantity series, s.a.","A","Annual","2005","2005","PC","Percentage","0","Units",,,3.101142,"E","Estimated value"
"NZL","New Zealand","LRUN25FE","Unemployment rate, Aged 25-54, Females","STSA","Level, rate or quantity series, s.a.","A","Annual","2006","2006","PC","Percentage","0","Units",,,2.98772,"E","Estimated value"
"NZL","New Zealand","LRUN25FE","Unemployment rate, Aged 25-54, Females","STSA","Level, rate or quantity series, s.a.","A","Annual","2007","2007","PC","Percentage","0","Units",,,2.916157,"E","Estimated value"
"NZL","New Zealand","LRUN25FE","Unemployment rate, Aged 25-54, Females","STSA","Level, rate or quantity series, s.a.","A","Annual","2008","2008","PC","Percentage","0","Units",,,3.143863,"E","Estimated value"
"NZL","New Zealand","LRUN25FE","Unemployment rate, Aged 25-54, Females","STSA","Level, rate or quantity series, s.a.","A","Annual","2009","2009","PC","Percentage","0","Units",,,4.204729,"E","Estimated value"
"NZL","New Zealand","LRUN25FE","Unemployment rate, Aged 25-54, Females","STSA","Level, rate or quantity series, s.a.","A","Annual","2010","2010","PC","Percentage","0","Units",,,5.035383,"E","Estimated value"
"NZL","New Zealand","LRUN25FE","Unemployment rate, Aged 25-54, Females","STSA","Level, rate or quantity series, s.a.","A","Annual","2011","2011","PC","Percentage","0","Units",,,5.097916,"E","Estimated value"
"NZL","New Zealand","LRUN25FE","Unemployment rate, Aged 25-54, Females","STSA","Level, rate or quantity series, s.a.","A","Annual","2012","2012","PC","Percentage","0","Units",,,5.468105,"E","Estimated value"
"NZL","New Zealand","LRUN25FE","Unemployment rate, Aged 25-54, Females","STSA","Level, rate or quantity series, s.a.","A","Annual","2013","2013","PC","Percentage","0","Units",,,5.320923,"E","Estimated value"
"NZL","New Zealand","LRUN25FE","Unemployment rate, Aged 25-54, Females","STSA","Level, rate or quantity series, s.a.","A","Annual","2014","2014","PC","Percentage","0","Units",,,5.230709,"E","Estimated value"
"NZL","New Zealand","LRUN25FE","Unemployment rate, Aged 25-54, Females","STSA","Level, rate or quantity series, s.a.","A","Annual","2015","2015","PC","Percentage","0","Units",,,4.91656,"E","Estimated value"
"NZL","New Zealand","LRUN25FE","Unemployment rate, Aged 25-54, Females","STSA","Level, rate or quantity series, s.a.","A","Annual","2016","2016","PC","Percentage","0","Units",,,4.520679,"E","Estimated value"
"NZL","New Zealand","LRUN25FE","Unemployment rate, Aged 25-54, Females","STSA","Level, rate or quantity series, s.a.","A","Annual","2017","2017","PC","Percentage","0","Units",,,4.253841,"E","Estimated value"
"NZL","New Zealand","LRUN25FE","Unemployment rate, Aged 25-54, Females","STSA","Level, rate or quantity series, s.a.","A","Annual","2018","2018","PC","Percentage","0","Units",,,3.822981,"E","Estimated value"
"NZL","New Zealand","LRUN25FE","Unemployment rate, Aged 25-54, Females","STSA","Level, rate or quantity series, s.a.","A","Annual","2019","2019","PC","Percentage","0","Units",,,3.474408,"E","Estimated value"
"NZL","New Zealand","LRUN25FE","Unemployment rate, Aged 25-54, Females","STSA","Level, rate or quantity series, s.a.","A","Annual","2020","2020","PC","Percentage","0","Units",,,4.099323,"E","Estimated value"
"NZL","New Zealand","LRUN25FE","Unemployment rate, Aged 25-54, Females","STSA","Level, rate or quantity series, s.a.","A","Annual","2021","2021","PC","Percentage","0","Units",,,3.136999,"E","Estimated value"
"NOR","Norway","LRUN25FE","Unemployment rate, Aged 25-54, Females","STSA","Level, rate or quantity series, s.a.","A","Annual","2000","2000","PC","Percentage","0","Units",,,2.175,,
"NOR","Norway","LRUN25FE","Unemployment rate, Aged 25-54, Females","STSA","Level, rate or quantity series, s.a.","A","Annual","2001","2001","PC","Percentage","0","Units",,,2.575,,
"NOR","Norway","LRUN25FE","Unemployment rate, Aged 25-54, Females","STSA","Level, rate or quantity series, s.a.","A","Annual","2002","2002","PC","Percentage","0","Units",,,2.8,,
"NOR","Norway","LRUN25FE","Unemployment rate, Aged 25-54, Females","STSA","Level, rate or quantity series, s.a.","A","Annual","2003","2003","PC","Percentage","0","Units",,,3.025,,
"NOR","Norway","LRUN25FE","Unemployment rate, Aged 25-54, Females","STSA","Level, rate or quantity series, s.a.","A","Annual","2004","2004","PC","Percentage","0","Units",,,3.125,"B","Break"
"NOR","Norway","LRUN25FE","Unemployment rate, Aged 25-54, Females","STSA","Level, rate or quantity series, s.a.","A","Annual","2005","2005","PC","Percentage","0","Units",,,3.55,"B","Break"
"NOR","Norway","LRUN25FE","Unemployment rate, Aged 25-54, Females","STSA","Level, rate or quantity series, s.a.","A","Annual","2006","2006","PC","Percentage","0","Units",,,2.8,,
"NOR","Norway","LRUN25FE","Unemployment rate, Aged 25-54, Females","STSA","Level, rate or quantity series, s.a.","A","Annual","2007","2007","PC","Percentage","0","Units",,,1.925,,
"NOR","Norway","LRUN25FE","Unemployment rate, Aged 25-54, Females","STSA","Level, rate or quantity series, s.a.","A","Annual","2008","2008","PC","Percentage","0","Units",,,1.8,,
"NOR","Norway","LRUN25FE","Unemployment rate, Aged 25-54, Females","STSA","Level, rate or quantity series, s.a.","A","Annual","2009","2009","PC","Percentage","0","Units",,,2,,
"NOR","Norway","LRUN25FE","Unemployment rate, Aged 25-54, Females","STSA","Level, rate or quantity series, s.a.","A","Annual","2010","2010","PC","Percentage","0","Units",,,2.5,,
"NOR","Norway","LRUN25FE","Unemployment rate, Aged 25-54, Females","STSA","Level, rate or quantity series, s.a.","A","Annual","2011","2011","PC","Percentage","0","Units",,,2.5,,
"NOR","Norway","LRUN25FE","Unemployment rate, Aged 25-54, Females","STSA","Level, rate or quantity series, s.a.","A","Annual","2012","2012","PC","Percentage","0","Units",,,2.2,,
"NOR","Norway","LRUN25FE","Unemployment rate, Aged 25-54, Females","STSA","Level, rate or quantity series, s.a.","A","Annual","2013","2013","PC","Percentage","0","Units",,,2.9,,
"NOR","Norway","LRUN25FE","Unemployment rate, Aged 25-54, Females","STSA","Level, rate or quantity series, s.a.","A","Annual","2014","2014","PC","Percentage","0","Units",,,3.175,,
"NOR","Norway","LRUN25FE","Unemployment rate, Aged 25-54, Females","STSA","Level, rate or quantity series, s.a.","A","Annual","2015","2015","PC","Percentage","0","Units",,,3.8,,
"NOR","Norway","LRUN25FE","Unemployment rate, Aged 25-54, Females","STSA","Level, rate or quantity series, s.a.","A","Annual","2016","2016","PC","Percentage","0","Units",,,3.6,,
"NOR","Norway","LRUN25FE","Unemployment rate, Aged 25-54, Females","STSA","Level, rate or quantity series, s.a.","A","Annual","2017","2017","PC","Percentage","0","Units",,,3.45,,
"NOR","Norway","LRUN25FE","Unemployment rate, Aged 25-54, Females","STSA","Level, rate or quantity series, s.a.","A","Annual","2018","2018","PC","Percentage","0","Units",,,3.2,,
"NOR","Norway","LRUN25FE","Unemployment rate, Aged 25-54, Females","STSA","Level, rate or quantity series, s.a.","A","Annual","2019","2019","PC","Percentage","0","Units",,,2.85,,
"NOR","Norway","LRUN25FE","Unemployment rate, Aged 25-54, Females","STSA","Level, rate or quantity series, s.a.","A","Annual","2020","2020","PC","Percentage","0","Units",,,3.6,"B","Break"
"NOR","Norway","LRUN25FE","Unemployment rate, Aged 25-54, Females","STSA","Level, rate or quantity series, s.a.","A","Annual","2021","2021","PC","Percentage","0","Units",,,3.325,,
"SWE","Sweden","LRUN25FE","Unemployment rate, Aged 25-54, Females","STSA","Level, rate or quantity series, s.a.","A","Annual","2001","2001","PC","Percentage","0","Units",,,3.55,,
"SWE","Sweden","LRUN25FE","Unemployment rate, Aged 25-54, Females","STSA","Level, rate or quantity series, s.a.","A","Annual","2002","2002","PC","Percentage","0","Units",,,3.625,,
"SWE","Sweden","LRUN25FE","Unemployment rate, Aged 25-54, Females","STSA","Level, rate or quantity series, s.a.","A","Annual","2003","2003","PC","Percentage","0","Units",,,4.35,,
"SWE","Sweden","LRUN25FE","Unemployment rate, Aged 25-54, Females","STSA","Level, rate or quantity series, s.a.","A","Annual","2004","2004","PC","Percentage","0","Units",,,5.175,"B","Break"
"SWE","Sweden","LRUN25FE","Unemployment rate, Aged 25-54, Females","STSA","Level, rate or quantity series, s.a.","A","Annual","2005","2005","PC","Percentage","0","Units",,,5.925,"B","Break"
"SWE","Sweden","LRUN25FE","Unemployment rate, Aged 25-54, Females","STSA","Level, rate or quantity series, s.a.","A","Annual","2006","2006","PC","Percentage","0","Units",,,5.475,,
"SWE","Sweden","LRUN25FE","Unemployment rate, Aged 25-54, Females","STSA","Level, rate or quantity series, s.a.","A","Annual","2007","2007","PC","Percentage","0","Units",,,4.725,,
"SWE","Sweden","LRUN25FE","Unemployment rate, Aged 25-54, Females","STSA","Level, rate or quantity series, s.a.","A","Annual","2008","2008","PC","Percentage","0","Units",,,4.65,"B","Break"
"SWE","Sweden","LRUN25FE","Unemployment rate, Aged 25-54, Females","STSA","Level, rate or quantity series, s.a.","A","Annual","2009","2009","PC","Percentage","0","Units",,,6.232958,,
"SWE","Sweden","LRUN25FE","Unemployment rate, Aged 25-54, Females","STSA","Level, rate or quantity series, s.a.","A","Annual","2010","2010","PC","Percentage","0","Units",,,6.912558,,
"SWE","Sweden","LRUN25FE","Unemployment rate, Aged 25-54, Females","STSA","Level, rate or quantity series, s.a.","A","Annual","2011","2011","PC","Percentage","0","Units",,,6.129303,,
"SWE","Sweden","LRUN25FE","Unemployment rate, Aged 25-54, Females","STSA","Level, rate or quantity series, s.a.","A","Annual","2012","2012","PC","Percentage","0","Units",,,6.020462,,
"SWE","Sweden","LRUN25FE","Unemployment rate, Aged 25-54, Females","STSA","Level, rate or quantity series, s.a.","A","Annual","2013","2013","PC","Percentage","0","Units",,,6.381906,,
"SWE","Sweden","LRUN25FE","Unemployment rate, Aged 25-54, Females","STSA","Level, rate or quantity series, s.a.","A","Annual","2014","2014","PC","Percentage","0","Units",,,6.16574,,
"SWE","Sweden","LRUN25FE","Unemployment rate, Aged 25-54, Females","STSA","Level, rate or quantity series, s.a.","A","Annual","2015","2015","PC","Percentage","0","Units",,,6.03055,,
"SWE","Sweden","LRUN25FE","Unemployment rate, Aged 25-54, Females","STSA","Level, rate or quantity series, s.a.","A","Annual","2016","2016","PC","Percentage","0","Units",,,5.575603,,
"SWE","Sweden","LRUN25FE","Unemployment rate, Aged 25-54, Females","STSA","Level, rate or quantity series, s.a.","A","Annual","2017","2017","PC","Percentage","0","Units",,,5.462243,,
"SWE","Sweden","LRUN25FE","Unemployment rate, Aged 25-54, Females","STSA","Level, rate or quantity series, s.a.","A","Annual","2018","2018","PC","Percentage","0","Units",,,5.52366,"B","Break"
"SWE","Sweden","LRUN25FE","Unemployment rate, Aged 25-54, Females","STSA","Level, rate or quantity series, s.a.","A","Annual","2019","2019","PC","Percentage","0","Units",,,5.88426,,
"SWE","Sweden","LRUN25FE","Unemployment rate, Aged 25-54, Females","STSA","Level, rate or quantity series, s.a.","A","Annual","2020","2020","PC","Percentage","0","Units",,,7.386123,,
"SWE","Sweden","LRUN25FE","Unemployment rate, Aged 25-54, Females","STSA","Level, rate or quantity series, s.a.","A","Annual","2021","2021","PC","Percentage","0","Units",,,7.65,,
"CHE","Switzerland","LRUN25FE","Unemployment rate, Aged 25-54, Females","STSA","Level, rate or quantity series, s.a.","A","Annual","1999","1999","PC","Percentage","0","Units",,,3.3,,
"CHE","Switzerland","LRUN25FE","Unemployment rate, Aged 25-54, Females","STSA","Level, rate or quantity series, s.a.","A","Annual","2000","2000","PC","Percentage","0","Units",,,3.1,,
"CHE","Switzerland","LRUN25FE","Unemployment rate, Aged 25-54, Females","STSA","Level, rate or quantity series, s.a.","A","Annual","2001","2001","PC","Percentage","0","Units",,,3.4,,
"CHE","Switzerland","LRUN25FE","Unemployment rate, Aged 25-54, Females","STSA","Level, rate or quantity series, s.a.","A","Annual","2002","2002","PC","Percentage","0","Units",,,3.2,,
"CHE","Switzerland","LRUN25FE","Unemployment rate, Aged 25-54, Females","STSA","Level, rate or quantity series, s.a.","A","Annual","2003","2003","PC","Percentage","0","Units",,,4,,
"CHE","Switzerland","LRUN25FE","Unemployment rate, Aged 25-54, Females","STSA","Level, rate or quantity series, s.a.","A","Annual","2004","2004","PC","Percentage","0","Units",,,4.6,,
"CHE","Switzerland","LRUN25FE","Unemployment rate, Aged 25-54, Females","STSA","Level, rate or quantity series, s.a.","A","Annual","2005","2005","PC","Percentage","0","Units",,,4.6,,
"CHE","Switzerland","LRUN25FE","Unemployment rate, Aged 25-54, Females","STSA","Level, rate or quantity series, s.a.","A","Annual","2006","2006","PC","Percentage","0","Units",,,4.5,,
"CHE","Switzerland","LRUN25FE","Unemployment rate, Aged 25-54, Females","STSA","Level, rate or quantity series, s.a.","A","Annual","2007","2007","PC","Percentage","0","Units",,,4.2,,
"CHE","Switzerland","LRUN25FE","Unemployment rate, Aged 25-54, Females","STSA","Level, rate or quantity series, s.a.","A","Annual","2008","2008","PC","Percentage","0","Units",,,3.6,,
"CHE","Switzerland","LRUN25FE","Unemployment rate, Aged 25-54, Females","STSA","Level, rate or quantity series, s.a.","A","Annual","2009","2009","PC","Percentage","0","Units",,,4.1,"B","Break"
"CHE","Switzerland","LRUN25FE","Unemployment rate, Aged 25-54, Females","STSA","Level, rate or quantity series, s.a.","A","Annual","2010","2010","PC","Percentage","0","Units",,,4.925,,
"CHE","Switzerland","LRUN25FE","Unemployment rate, Aged 25-54, Females","STSA","Level, rate or quantity series, s.a.","A","Annual","2011","2011","PC","Percentage","0","Units",,,4.475,,
"CHE","Switzerland","LRUN25FE","Unemployment rate, Aged 25-54, Females","STSA","Level, rate or quantity series, s.a.","A","Annual","2012","2012","PC","Percentage","0","Units",,,4.475,,
"CHE","Switzerland","LRUN25FE","Unemployment rate, Aged 25-54, Females","STSA","Level, rate or quantity series, s.a.","A","Annual","2013","2013","PC","Percentage","0","Units",,,4.65,,
"CHE","Switzerland","LRUN25FE","Unemployment rate, Aged 25-54, Females","STSA","Level, rate or quantity series, s.a.","A","Annual","2014","2014","PC","Percentage","0","Units",,,4.825,,
"CHE","Switzerland","LRUN25FE","Unemployment rate, Aged 25-54, Females","STSA","Level, rate or quantity series, s.a.","A","Annual","2015","2015","PC","Percentage","0","Units",,,4.625,,
"CHE","Switzerland","LRUN25FE","Unemployment rate, Aged 25-54, Females","STSA","Level, rate or quantity series, s.a.","A","Annual","2016","2016","PC","Percentage","0","Units",,,4.925,,
"CHE","Switzerland","LRUN25FE","Unemployment rate, Aged 25-54, Females","STSA","Level, rate or quantity series, s.a.","A","Annual","2017","2017","PC","Percentage","0","Units",,,5.075,,
"CHE","Switzerland","LRUN25FE","Unemployment rate, Aged 25-54, Females","STSA","Level, rate or quantity series, s.a.","A","Annual","2018","2018","PC","Percentage","0","Units",,,5.225,,
"CHE","Switzerland","LRUN25FE","Unemployment rate, Aged 25-54, Females","STSA","Level, rate or quantity series, s.a.","A","Annual","2019","2019","PC","Percentage","0","Units",,,4.675,,
"CHE","Switzerland","LRUN25FE","Unemployment rate, Aged 25-54, Females","STSA","Level, rate or quantity series, s.a.","A","Annual","2020","2020","PC","Percentage","0","Units",,,5.075,"B","Break"
"CHE","Switzerland","LRUN25FE","Unemployment rate, Aged 25-54, Females","STSA","Level, rate or quantity series, s.a.","A","Annual","2021","2021","PC","Percentage","0","Units",,,5.225,,
"GBR","United Kingdom","LRUN25FE","Unemployment rate, Aged 25-54, Females","STSA","Level, rate or quantity series, s.a.","A","Annual","2000","2000","PC","Percentage","0","Units",,,3.848459,,
"GBR","United Kingdom","LRUN25FE","Unemployment rate, Aged 25-54, Females","STSA","Level, rate or quantity series, s.a.","A","Annual","2001","2001","PC","Percentage","0","Units",,,3.575,,
"GBR","United Kingdom","LRUN25FE","Unemployment rate, Aged 25-54, Females","STSA","Level, rate or quantity series, s.a.","A","Annual","2002","2002","PC","Percentage","0","Units",,,3.65,,
"GBR","United Kingdom","LRUN25FE","Unemployment rate, Aged 25-54, Females","STSA","Level, rate or quantity series, s.a.","A","Annual","2003","2003","PC","Percentage","0","Units",,,3.375,,
"GBR","United Kingdom","LRUN25FE","Unemployment rate, Aged 25-54, Females","STSA","Level, rate or quantity series, s.a.","A","Annual","2004","2004","PC","Percentage","0","Units",,,3.25,,
"GBR","United Kingdom","LRUN25FE","Unemployment rate, Aged 25-54, Females","STSA","Level, rate or quantity series, s.a.","A","Annual","2005","2005","PC","Percentage","0","Units",,,3.325,,
"GBR","United Kingdom","LRUN25FE","Unemployment rate, Aged 25-54, Females","STSA","Level, rate or quantity series, s.a.","A","Annual","2006","2006","PC","Percentage","0","Units",,,3.9,,
"GBR","United Kingdom","LRUN25FE","Unemployment rate, Aged 25-54, Females","STSA","Level, rate or quantity series, s.a.","A","Annual","2007","2007","PC","Percentage","0","Units",,,3.85,,
"GBR","United Kingdom","LRUN25FE","Unemployment rate, Aged 25-54, Females","STSA","Level, rate or quantity series, s.a.","A","Annual","2008","2008","PC","Percentage","0","Units",,,3.975,,
"GBR","United Kingdom","LRUN25FE","Unemployment rate, Aged 25-54, Females","STSA","Level, rate or quantity series, s.a.","A","Annual","2009","2009","PC","Percentage","0","Units",,,5.125,,
"GBR","United Kingdom","LRUN25FE","Unemployment rate, Aged 25-54, Females","STSA","Level, rate or quantity series, s.a.","A","Annual","2010","2010","PC","Percentage","0","Units",,,5.475,,
"GBR","United Kingdom","LRUN25FE","Unemployment rate, Aged 25-54, Females","STSA","Level, rate or quantity series, s.a.","A","Annual","2011","2011","PC","Percentage","0","Units",,,5.925,,
"GBR","United Kingdom","LRUN25FE","Unemployment rate, Aged 25-54, Females","STSA","Level, rate or quantity series, s.a.","A","Annual","2012","2012","PC","Percentage","0","Units",,,6.05,,
"GBR","United Kingdom","LRUN25FE","Unemployment rate, Aged 25-54, Females","STSA","Level, rate or quantity series, s.a.","A","Annual","2013","2013","PC","Percentage","0","Units",,,5.575,,
"GBR","United Kingdom","LRUN25FE","Unemployment rate, Aged 25-54, Females","STSA","Level, rate or quantity series, s.a.","A","Annual","2014","2014","PC","Percentage","0","Units",,,4.65,,
"GBR","United Kingdom","LRUN25FE","Unemployment rate, Aged 25-54, Females","STSA","Level, rate or quantity series, s.a.","A","Annual","2015","2015","PC","Percentage","0","Units",,,4.175,,
"GBR","United Kingdom","LRUN25FE","Unemployment rate, Aged 25-54, Females","STSA","Level, rate or quantity series, s.a.","A","Annual","2016","2016","PC","Percentage","0","Units",,,3.875,,
"GBR","United Kingdom","LRUN25FE","Unemployment rate, Aged 25-54, Females","STSA","Level, rate or quantity series, s.a.","A","Annual","2017","2017","PC","Percentage","0","Units",,,3.4,,
"GBR","United Kingdom","LRUN25FE","Unemployment rate, Aged 25-54, Females","STSA","Level, rate or quantity series, s.a.","A","Annual","2018","2018","PC","Percentage","0","Units",,,3.1,,
"GBR","United Kingdom","LRUN25FE","Unemployment rate, Aged 25-54, Females","STSA","Level, rate or quantity series, s.a.","A","Annual","2019","2019","PC","Percentage","0","Units",,,2.875,,
"GBR","United Kingdom","LRUN25FE","Unemployment rate, Aged 25-54, Females","STSA","Level, rate or quantity series, s.a.","A","Annual","2020","2020","PC","Percentage","0","Units",,,3.375,,
"GBR","United Kingdom","LRUN25FE","Unemployment rate, Aged 25-54, Females","STSA","Level, rate or quantity series, s.a.","A","Annual","2021","2021","PC","Percentage","0","Units",,,3.4,,
"USA","United States","LRUN25FE","Unemployment rate, Aged 25-54, Females","STSA","Level, rate or quantity series, s.a.","A","Annual","1980","1980","PC","Percentage","0","Units",,,5.975,,
"USA","United States","LRUN25FE","Unemployment rate, Aged 25-54, Females","STSA","Level, rate or quantity series, s.a.","A","Annual","1981","1981","PC","Percentage","0","Units",,,6.3,,
"USA","United States","LRUN25FE","Unemployment rate, Aged 25-54, Females","STSA","Level, rate or quantity series, s.a.","A","Annual","1982","1982","PC","Percentage","0","Units",,,7.741667,,
"USA","United States","LRUN25FE","Unemployment rate, Aged 25-54, Females","STSA","Level, rate or quantity series, s.a.","A","Annual","1983","1983","PC","Percentage","0","Units",,,7.658333,,
"USA","United States","LRUN25FE","Unemployment rate, Aged 25-54, Females","STSA","Level, rate or quantity series, s.a.","A","Annual","1984","1984","PC","Percentage","0","Units",,,6.308333,,
"USA","United States","LRUN25FE","Unemployment rate, Aged 25-54, Females","STSA","Level, rate or quantity series, s.a.","A","Annual","1985","1985","PC","Percentage","0","Units",,,6.191667,,
"USA","United States","LRUN25FE","Unemployment rate, Aged 25-54, Females","STSA","Level, rate or quantity series, s.a.","A","Annual","1986","1986","PC","Percentage","0","Units",,,5.85,,
"USA","United States","LRUN25FE","Unemployment rate, Aged 25-54, Females","STSA","Level, rate or quantity series, s.a.","A","Annual","1987","1987","PC","Percentage","0","Units",,,5.091667,,
"USA","United States","LRUN25FE","Unemployment rate, Aged 25-54, Females","STSA","Level, rate or quantity series, s.a.","A","Annual","1988","1988","PC","Percentage","0","Units",,,4.583333,,
"USA","United States","LRUN25FE","Unemployment rate, Aged 25-54, Females","STSA","Level, rate or quantity series, s.a.","A","Annual","1989","1989","PC","Percentage","0","Units",,,4.433333,,
"USA","United States","LRUN25FE","Unemployment rate, Aged 25-54, Females","STSA","Level, rate or quantity series, s.a.","A","Annual","1990","1990","PC","Percentage","0","Units",,,4.6,,
"USA","United States","LRUN25FE","Unemployment rate, Aged 25-54, Females","STSA","Level, rate or quantity series, s.a.","A","Annual","1991","1991","PC","Percentage","0","Units",,,5.408333,,
"USA","United States","LRUN25FE","Unemployment rate, Aged 25-54, Females","STSA","Level, rate or quantity series, s.a.","A","Annual","1992","1992","PC","Percentage","0","Units",,,6.008333,,
"USA","United States","LRUN25FE","Unemployment rate, Aged 25-54, Females","STSA","Level, rate or quantity series, s.a.","A","Annual","1993","1993","PC","Percentage","0","Units",,,5.675,,
"USA","United States","LRUN25FE","Unemployment rate, Aged 25-54, Females","STSA","Level, rate or quantity series, s.a.","A","Annual","1994","1994","PC","Percentage","0","Units",,,5.05,,
"USA","United States","LRUN25FE","Unemployment rate, Aged 25-54, Females","STSA","Level, rate or quantity series, s.a.","A","Annual","1995","1995","PC","Percentage","0","Units",,,4.541667,,
"USA","United States","LRUN25FE","Unemployment rate, Aged 25-54, Females","STSA","Level, rate or quantity series, s.a.","A","Annual","1996","1996","PC","Percentage","0","Units",,,4.408333,,
"USA","United States","LRUN25FE","Unemployment rate, Aged 25-54, Females","STSA","Level, rate or quantity series, s.a.","A","Annual","1997","1997","PC","Percentage","0","Units",,,4.075,,
"USA","United States","LRUN25FE","Unemployment rate, Aged 25-54, Females","STSA","Level, rate or quantity series, s.a.","A","Annual","1998","1998","PC","Percentage","0","Units",,,3.791667,,
"USA","United States","LRUN25FE","Unemployment rate, Aged 25-54, Females","STSA","Level, rate or quantity series, s.a.","A","Annual","1999","1999","PC","Percentage","0","Units",,,3.441667,,
"USA","United States","LRUN25FE","Unemployment rate, Aged 25-54, Females","STSA","Level, rate or quantity series, s.a.","A","Annual","2000","2000","PC","Percentage","0","Units",,,3.275,,
"USA","United States","LRUN25FE","Unemployment rate, Aged 25-54, Females","STSA","Level, rate or quantity series, s.a.","A","Annual","2001","2001","PC","Percentage","0","Units",,,3.875,,
"USA","United States","LRUN25FE","Unemployment rate, Aged 25-54, Females","STSA","Level, rate or quantity series, s.a.","A","Annual","2002","2002","PC","Percentage","0","Units",,,4.775,,
"USA","United States","LRUN25FE","Unemployment rate, Aged 25-54, Females","STSA","Level, rate or quantity series, s.a.","A","Annual","2003","2003","PC","Percentage","0","Units",,,4.816667,,
"USA","United States","LRUN25FE","Unemployment rate, Aged 25-54, Females","STSA","Level, rate or quantity series, s.a.","A","Annual","2004","2004","PC","Percentage","0","Units",,,4.558333,,
"USA","United States","LRUN25FE","Unemployment rate, Aged 25-54, Females","STSA","Level, rate or quantity series, s.a.","A","Annual","2005","2005","PC","Percentage","0","Units",,,4.383333,,
"USA","United States","LRUN25FE","Unemployment rate, Aged 25-54, Females","STSA","Level, rate or quantity series, s.a.","A","Annual","2006","2006","PC","Percentage","0","Units",,,3.941667,,
"USA","United States","LRUN25FE","Unemployment rate, Aged 25-54, Females","STSA","Level, rate or quantity series, s.a.","A","Annual","2007","2007","PC","Percentage","0","Units",,,3.8,,
"USA","United States","LRUN25FE","Unemployment rate, Aged 25-54, Females","STSA","Level, rate or quantity series, s.a.","A","Annual","2008","2008","PC","Percentage","0","Units",,,4.616667,,
"USA","United States","LRUN25FE","Unemployment rate, Aged 25-54, Females","STSA","Level, rate or quantity series, s.a.","A","Annual","2009","2009","PC","Percentage","0","Units",,,7.183333,,
"USA","United States","LRUN25FE","Unemployment rate, Aged 25-54, Females","STSA","Level, rate or quantity series, s.a.","A","Annual","2010","2010","PC","Percentage","0","Units",,,7.808333,,
"USA","United States","LRUN25FE","Unemployment rate, Aged 25-54, Females","STSA","Level, rate or quantity series, s.a.","A","Annual","2011","2011","PC","Percentage","0","Units",,,7.616667,,
"USA","United States","LRUN25FE","Unemployment rate, Aged 25-54, Females","STSA","Level, rate or quantity series, s.a.","A","Annual","2012","2012","PC","Percentage","0","Units",,,7.125,,
"USA","United States","LRUN25FE","Unemployment rate, Aged 25-54, Females","STSA","Level, rate or quantity series, s.a.","A","Annual","2013","2013","PC","Percentage","0","Units",,,6.25,,
"USA","United States","LRUN25FE","Unemployment rate, Aged 25-54, Females","STSA","Level, rate or quantity series, s.a.","A","Annual","2014","2014","PC","Percentage","0","Units",,,5.316667,,
"USA","United States","LRUN25FE","Unemployment rate, Aged 25-54, Females","STSA","Level, rate or quantity series, s.a.","A","Annual","2015","2015","PC","Percentage","0","Units",,,4.558333,,
"USA","United States","LRUN25FE","Unemployment rate, Aged 25-54, Females","STSA","Level, rate or quantity series, s.a.","A","Annual","2016","2016","PC","Percentage","0","Units",,,4.275,,
"USA","United States","LRUN25FE","Unemployment rate, Aged 25-54, Females","STSA","Level, rate or quantity series, s.a.","A","Annual","2017","2017","PC","Percentage","0","Units",,,3.883333,,
"USA","United States","LRUN25FE","Unemployment rate, Aged 25-54, Females","STSA","Level, rate or quantity series, s.a.","A","Annual","2018","2018","PC","Percentage","0","Units",,,3.358333,,
"USA","United States","LRUN25FE","Unemployment rate, Aged 25-54, Females","STSA","Level, rate or quantity series, s.a.","A","Annual","2019","2019","PC","Percentage","0","Units",,,3.125,,
"USA","United States","LRUN25FE","Unemployment rate, Aged 25-54, Females","STSA","Level, rate or quantity series, s.a.","A","Annual","2020","2020","PC","Percentage","0","Units",,,7.366667,,
"USA","United States","LRUN25FE","Unemployment rate, Aged 25-54, Females","STSA","Level, rate or quantity series, s.a.","A","Annual","2021","2021","PC","Percentage","0","Units",,,4.775,,
